date,inflow_cms,outflow_cms,rainfall_mm,temperature_c
2020-01-01,1424.18,1295.72,0.39,6.89
2020-01-02,1379.73,1250.32,0.72,9.01
2020-01-03,1182.63,978.36,0.93,7.43
2020-01-04,1068.98,901.88,0.0,8.95
2020-01-05,1046.79,883.31,0.75,7.3
2020-01-06,765.09,671.09,0.0,8.6
2020-01-07,1163.9,1037.19,0.59,7.4
2020-01-08,1536.86,1330.96,0.73,7.36
2020-01-09,1296.63,1043.99,0.0,7.77
2020-01-10,1397.34,1226.88,0.0,9.09
2020-01-11,967.95,915.14,0.66,8.22
2020-01-12,1520.44,1278.24,0.0,6.42
2020-01-13,1184.84,997.8,1.35,6.87
2020-01-14,1333.61,1212.72,0.97,8.89
2020-01-15,1090.2,1013.3,0.25,6.49
2020-01-16,1574.91,1336.75,0.36,7.59
2020-01-17,1503.13,1402.54,1.58,6.96
2020-01-18,1281.05,1132.69,1.28,8.8
2020-01-19,1291.04,1134.07,1.75,7.6
2020-01-20,1284.78,1125.84,0.0,9.04
2020-01-21,1245.08,1072.71,0.79,7.21
2020-01-22,1485.93,1224.68,0.33,7.57
2020-01-23,1528.85,1407.38,0.76,9.37
2020-01-24,1343.89,1097.3,0.25,8.67
2020-01-25,1201.97,1109.06,0.0,5.34
2020-01-26,1386.38,1179.31,0.18,7.71
2020-01-27,1259.68,1105.77,0.82,7.06
2020-01-28,1650.99,1395.3,0.49,6.33
2020-01-29,1315.06,1062.2,2.47,8.48
2020-01-30,1235.24,1078.88,0.04,7.58
2020-01-31,1585.71,1325.09,1.1,7.2
2020-02-01,1646.0,1449.09,1.62,18.39
2020-02-02,1052.37,848.33,0.05,18.71
2020-02-03,1518.4,1266.3,0.51,16.63
2020-02-04,1034.42,934.75,0.88,17.62
2020-02-05,1259.77,1029.26,0.19,16.11
2020-02-06,1503.38,1386.99,0.0,18.36
2020-02-07,1934.79,1808.22,0.24,16.79
2020-02-08,1364.97,1161.39,1.13,18.3
2020-02-09,1083.21,880.24,0.99,18.22
2020-02-10,1373.27,1099.66,0.0,17.17
2020-02-11,995.79,830.13,1.34,18.33
2020-02-12,1056.33,896.62,1.13,17.77
2020-02-13,1617.1,1431.53,0.84,17.94
2020-02-14,1238.65,1040.2,0.0,17.88
2020-02-15,1240.1,1085.58,1.47,17.54
2020-02-16,1233.84,1023.2,2.68,16.04
2020-02-17,1544.3,1276.46,0.53,16.86
2020-02-18,1244.13,998.19,1.07,16.88
2020-02-19,1485.09,1273.85,0.14,17.78
2020-02-20,1188.37,980.91,1.19,17.71
2020-02-21,1323.12,1077.78,1.0,18.76
2020-02-22,1314.55,1224.64,0.0,17.87
2020-02-23,1566.55,1322.23,0.0,18.38
2020-02-24,1428.76,1328.83,0.91,17.02
2020-02-25,1517.98,1362.38,1.65,17.01
2020-02-26,1538.5,1436.19,1.02,15.85
2020-02-27,924.81,744.83,0.63,16.14
2020-02-28,1878.66,1583.68,0.0,16.59
2020-02-29,1320.05,1159.45,0.0,16.67
2020-03-01,2513.88,2245.98,3.36,25.98
2020-03-02,3537.37,3347.68,4.73,24.42
2020-03-03,1989.94,1829.31,2.37,23.14
2020-03-04,2132.35,1761.31,0.46,25.25
2020-03-05,2610.02,2303.04,0.69,24.53
2020-03-06,3306.56,2948.65,2.75,25.24
2020-03-07,2192.25,1870.86,1.03,23.35
2020-03-08,3548.8,3091.08,1.96,22.66
2020-03-09,2698.97,2320.51,0.0,25.13
2020-03-10,3329.31,2976.0,1.74,23.12
2020-03-11,3265.27,2934.83,2.02,23.39
2020-03-12,2824.36,2503.29,3.29,23.71
2020-03-13,3434.41,2983.6,0.0,24.28
2020-03-14,2828.39,2646.81,2.88,23.48
2020-03-15,2912.4,2361.02,0.75,24.47
2020-03-16,2614.19,2364.56,0.76,23.23
2020-03-17,3159.84,2876.28,2.61,22.96
2020-03-18,3150.7,2901.88,3.1,22.88
2020-03-19,2791.64,2389.09,2.23,22.92
2020-03-20,3264.77,2981.33,5.11,23.15
2020-03-21,3322.19,2817.24,2.04,23.35
2020-03-22,3141.59,2960.98,1.46,22.98
2020-03-23,2838.8,2540.09,3.19,21.8
2020-03-24,2621.29,2392.86,4.41,22.39
2020-03-25,3049.65,2481.44,3.26,22.89
2020-03-26,2796.47,2609.54,0.0,25.36
2020-03-27,2469.8,2028.82,1.36,24.2
2020-03-28,3343.15,3086.66,1.13,23.79
2020-03-29,2611.58,2122.5,2.46,24.74
2020-03-30,2609.05,2119.92,0.67,24.95
2020-03-31,2924.36,2525.58,4.95,23.29
2020-04-01,2798.17,2288.41,0.64,25.95
2020-04-02,2929.09,2671.05,0.35,26.49
2020-04-03,2835.55,2637.88,0.0,25.16
2020-04-04,2889.64,2343.7,2.03,26.47
2020-04-05,2821.74,2551.88,6.55,26.41
2020-04-06,3661.27,3249.92,0.47,25.89
2020-04-07,3190.52,2642.45,0.0,26.78
2020-04-08,1950.44,1731.11,0.95,24.09
2020-04-09,2944.99,2427.83,3.14,26.97
2020-04-10,2271.91,2135.39,5.66,25.93
2020-04-11,2687.11,2303.21,2.59,24.9
2020-04-12,2754.18,2374.72,4.48,25.89
2020-04-13,2777.81,2638.8,2.52,26.3
2020-04-14,2802.1,2564.89,2.09,25.69
2020-04-15,2160.35,1945.95,0.0,26.54
2020-04-16,2186.35,1786.33,4.56,26.24
2020-04-17,3618.96,3357.77,2.23,27.55
2020-04-18,3624.3,3376.03,5.51,24.98
2020-04-19,2692.36,2239.9,4.98,26.88
2020-04-20,3223.37,2768.35,0.0,26.89
2020-04-21,2745.17,2518.82,2.4,23.83
2020-04-22,3451.45,3207.62,0.0,25.99
2020-04-23,3118.56,2953.29,1.44,24.34
2020-04-24,1973.02,1765.88,1.82,25.88
2020-04-25,2769.88,2359.52,0.0,26.49
2020-04-26,2774.93,2497.81,3.91,25.55
2020-04-27,2609.73,2122.51,0.37,25.44
2020-04-28,2757.19,2291.09,0.0,26.06
2020-04-29,1886.88,1735.76,1.8,26.04
2020-04-30,2520.11,2346.31,2.43,26.85
2020-05-01,2551.85,2121.62,0.53,24.17
2020-05-02,2689.98,2401.45,0.0,22.96
2020-05-03,1923.15,1796.76,3.7,22.6
2020-05-04,4031.55,3290.05,4.24,25.11
2020-05-05,1817.3,1556.69,0.38,22.68
2020-05-06,2541.37,2078.75,0.0,23.81
2020-05-07,3164.23,2767.96,4.11,24.24
2020-05-08,2830.95,2513.96,0.28,23.15
2020-05-09,3432.82,2933.21,1.22,22.92
2020-05-10,3170.47,2705.73,5.82,23.62
2020-05-11,2850.95,2346.13,1.28,23.35
2020-05-12,2539.74,2102.87,1.03,22.76
2020-05-13,2581.93,2446.01,0.0,24.27
2020-05-14,2704.42,2556.82,0.18,23.83
2020-05-15,2909.43,2619.35,0.55,23.06
2020-05-16,2839.73,2515.27,3.5,24.52
2020-05-17,2495.31,2155.48,0.87,22.59
2020-05-18,2148.98,1756.2,2.1,22.06
2020-05-19,3119.09,2720.38,0.0,23.86
2020-05-20,2539.27,2159.62,2.09,22.99
2020-05-21,3104.1,2760.62,4.21,24.36
2020-05-22,1811.34,1543.86,0.41,23.76
2020-05-23,2835.76,2626.69,2.98,25.17
2020-05-24,2935.04,2436.8,1.18,23.27
2020-05-25,2672.38,2347.58,3.09,24.62
2020-05-26,3148.45,2704.1,1.35,23.34
2020-05-27,3320.42,2806.44,0.65,21.36
2020-05-28,2807.37,2343.68,5.35,23.35
2020-05-29,3129.24,2796.4,3.78,23.68
2020-05-30,2208.57,1812.99,4.29,24.1
2020-05-31,3298.93,3029.37,3.93,23.67
2020-06-01,4270.32,3575.42,6.9,18.51
2020-06-02,4701.02,4339.93,9.91,17.83
2020-06-03,4365.06,4014.09,6.13,16.57
2020-06-04,4223.68,3785.14,17.78,17.97
2020-06-05,4706.72,3943.15,23.26,15.94
2020-06-06,4243.54,3649.99,13.02,17.84
2020-06-07,4827.18,3972.78,11.67,17.18
2020-06-08,5821.79,5419.03,10.78,17.05
2020-06-09,4554.7,4119.71,16.35,17.22
2020-06-10,4721.06,4206.5,13.5,15.86
2020-06-11,5296.59,4979.62,8.93,16.91
2020-06-12,4890.54,4205.13,27.23,17.52
2020-06-13,4421.0,4069.21,9.44,17.85
2020-06-14,3339.63,2845.51,10.62,17.63
2020-06-15,4332.11,3611.64,22.01,15.87
2020-06-16,4425.48,3818.48,11.96,15.68
2020-06-17,4384.53,3889.47,16.18,15.98
2020-06-18,4758.33,4518.19,7.21,16.84
2020-06-19,5786.68,4687.57,12.36,16.22
2020-06-20,4837.14,4008.07,11.31,17.16
2020-06-21,4483.62,3966.78,8.74,18.39
2020-06-22,3170.32,2802.4,0.0,15.76
2020-06-23,4328.66,4022.48,9.77,16.85
2020-06-24,4763.88,4103.18,17.0,15.67
2020-06-25,4967.84,3994.46,19.63,16.3
2020-06-26,4135.84,3419.44,12.59,16.87
2020-06-27,3888.94,3169.16,16.28,17.81
2020-06-28,4029.79,3463.92,13.41,17.25
2020-06-29,3959.47,3341.68,15.7,15.33
2020-06-30,5382.34,4612.42,4.55,16.18
2020-07-01,3721.69,3325.78,15.64,9.25
2020-07-02,3415.06,3217.9,1.48,7.46
2020-07-03,4227.54,3932.75,14.39,8.97
2020-07-04,4484.52,3602.73,9.99,9.35
2020-07-05,4653.9,4165.34,1.74,7.38
2020-07-06,4290.93,3608.01,4.27,8.1
2020-07-07,4597.92,3867.35,6.13,10.01
2020-07-08,4858.8,3895.05,9.19,8.53
2020-07-09,4628.01,4119.29,17.9,7.0
2020-07-10,4755.15,4077.4,11.05,8.81
2020-07-11,4187.59,3454.52,12.16,7.65
2020-07-12,4599.28,3948.0,3.39,8.58
2020-07-13,4038.38,3666.27,3.89,8.57
2020-07-14,3623.21,3407.72,24.49,7.7
2020-07-15,4070.82,3275.7,16.2,8.61
2020-07-16,3740.41,3327.19,11.97,7.34
2020-07-17,5074.64,4140.85,7.78,8.18
2020-07-18,4332.57,3748.65,23.85,7.95
2020-07-19,4853.88,4465.14,8.63,6.91
2020-07-20,4964.74,4040.0,1.42,9.14
2020-07-21,4462.78,3694.16,15.72,9.06
2020-07-22,4559.8,4098.43,16.9,8.62
2020-07-23,4916.96,4117.71,14.76,6.47
2020-07-24,4471.05,3599.6,16.91,8.13
2020-07-25,3959.47,3716.6,18.32,9.13
2020-07-26,4459.79,4122.35,9.21,8.89
2020-07-27,4548.06,3795.36,9.23,6.96
2020-07-28,5138.96,4354.21,10.43,8.13
2020-07-29,5223.49,4428.54,13.18,8.87
2020-07-30,4641.52,3730.2,3.9,8.59
2020-07-31,4541.14,4272.58,18.39,9.22
2020-08-01,4158.28,3718.03,8.94,-3.48
2020-08-02,4277.25,3692.14,20.72,-1.87
2020-08-03,4896.83,4128.45,10.2,-1.8
2020-08-04,3997.93,3223.59,7.39,-2.93
2020-08-05,3896.3,3672.24,5.58,-0.32
2020-08-06,4992.16,4701.17,10.72,1.31
2020-08-07,4168.05,3654.98,19.0,0.62
2020-08-08,4181.13,3483.19,8.81,-0.44
2020-08-09,4188.56,3959.72,9.02,-1.17
2020-08-10,5210.25,4712.17,8.58,-0.66
2020-08-11,4311.72,3796.67,7.77,-1.7
2020-08-12,5273.75,4291.37,22.78,-1.36
2020-08-13,4791.9,4229.47,15.26,0.08
2020-08-14,4411.53,3775.84,7.21,-0.12
2020-08-15,4024.66,3352.65,6.95,-1.01
2020-08-16,4241.19,3934.48,13.34,-4.48
2020-08-17,4064.89,3463.98,19.23,-0.66
2020-08-18,4840.95,4066.66,23.08,-0.76
2020-08-19,4652.78,4327.52,17.6,-0.58
2020-08-20,4910.24,4441.91,15.04,0.01
2020-08-21,5265.84,4908.45,8.1,-0.52
2020-08-22,4416.44,3755.16,12.88,-1.69
2020-08-23,4747.48,4159.36,14.51,-0.6
2020-08-24,4595.55,4111.97,12.28,-0.25
2020-08-25,3824.88,3121.28,20.97,-0.79
2020-08-26,4624.69,4367.78,21.46,0.21
2020-08-27,3779.25,3061.86,13.05,-0.59
2020-08-28,5036.82,4080.34,5.84,-2.81
2020-08-29,4982.51,4637.37,9.12,-0.87
2020-08-30,4220.54,3856.47,14.26,-1.13
2020-08-31,3482.38,3018.82,16.39,0.08
2020-09-01,3775.99,3113.47,0.0,-6.94
2020-09-02,4993.65,4199.61,18.73,-6.28
2020-09-03,4825.1,4163.86,11.4,-8.82
2020-09-04,5330.07,4447.91,17.39,-7.8
2020-09-05,3874.23,3601.69,20.66,-7.08
2020-09-06,4485.54,4110.95,13.62,-7.82
2020-09-07,4784.88,4374.12,14.69,-8.53
2020-09-08,4661.62,4066.0,19.5,-7.1
2020-09-09,4161.8,3454.62,22.81,-8.33
2020-09-10,4492.86,4131.78,2.45,-7.02
2020-09-11,4276.91,3428.98,0.66,-7.76
2020-09-12,4155.92,3506.56,26.83,-8.08
2020-09-13,4892.9,4486.68,14.55,-7.61
2020-09-14,4214.5,3995.34,10.42,-7.99
2020-09-15,4498.2,4015.65,5.05,-7.06
2020-09-16,5390.81,4596.17,6.74,-7.55
2020-09-17,3999.19,3539.81,10.31,-6.6
2020-09-18,4811.65,3924.8,9.04,-8.03
2020-09-19,5199.68,4184.38,17.55,-5.78
2020-09-20,4678.96,4305.86,14.36,-6.91
2020-09-21,5024.78,4080.2,8.79,-7.47
2020-09-22,4975.07,4460.34,10.81,-6.27
2020-09-23,5367.98,4360.11,13.19,-8.62
2020-09-24,4235.35,3704.79,15.71,-6.46
2020-09-25,5363.77,4474.82,14.62,-8.72
2020-09-26,4782.14,3847.7,8.99,-7.38
2020-09-27,4371.31,4066.37,1.99,-6.66
2020-09-28,4936.58,4224.01,0.81,-8.49
2020-09-29,4612.23,3993.23,18.28,-7.69
2020-09-30,5390.41,4791.28,2.2,-8.16
2020-10-01,2442.96,2223.01,5.76,-9.6
2020-10-02,1794.32,1567.95,3.65,-10.29
2020-10-03,2163.08,1874.95,2.26,-12.23
2020-10-04,2070.56,1777.91,0.69,-9.68
2020-10-05,1611.6,1476.26,5.32,-11.56
2020-10-06,1918.28,1773.13,0.0,-9.75
2020-10-07,1533.03,1368.34,2.14,-10.84
2020-10-08,2156.2,1878.47,4.69,-8.78
2020-10-09,2114.58,1877.33,3.86,-10.3
2020-10-10,2113.92,1709.24,2.35,-10.55
2020-10-11,2218.29,1787.72,3.1,-10.13
2020-10-12,1689.51,1480.16,2.62,-9.55
2020-10-13,2274.9,1975.09,3.69,-12.1
2020-10-14,2881.33,2318.02,1.26,-9.6
2020-10-15,2332.45,1936.59,0.92,-9.72
2020-10-16,1804.79,1491.79,5.15,-10.16
2020-10-17,2261.02,2129.19,3.99,-10.03
2020-10-18,2601.02,2303.44,4.93,-9.69
2020-10-19,2331.66,1940.76,5.37,-11.09
2020-10-20,2489.34,2237.11,1.46,-9.7
2020-10-21,1980.76,1843.32,3.66,-9.66
2020-10-22,2430.55,2091.79,4.13,-9.64
2020-10-23,2356.84,2171.07,0.54,-9.28
2020-10-24,2190.62,1792.0,5.58,-10.26
2020-10-25,1948.08,1653.31,3.03,-11.28
2020-10-26,1506.88,1306.92,1.23,-8.45
2020-10-27,1808.31,1508.3,0.35,-9.83
2020-10-28,1789.97,1556.42,5.18,-8.47
2020-10-29,2294.53,2014.28,2.35,-10.45
2020-10-30,1994.02,1714.5,0.69,-11.53
2020-10-31,2306.77,2055.76,7.88,-9.32
2020-11-01,2172.64,2040.23,2.49,-7.2
2020-11-02,1773.81,1548.33,2.44,-8.46
2020-11-03,1704.72,1501.64,4.94,-8.21
2020-11-04,2275.49,2064.84,0.0,-8.19
2020-11-05,1523.96,1374.86,2.73,-7.75
2020-11-06,2031.61,1841.37,0.33,-7.43
2020-11-07,1718.83,1516.93,5.79,-7.66
2020-11-08,2037.57,1920.84,2.14,-6.38
2020-11-09,2115.19,1759.43,2.43,-7.19
2020-11-10,1579.22,1462.32,6.5,-7.86
2020-11-11,2225.41,1872.06,4.49,-8.29
2020-11-12,1911.52,1720.62,5.5,-7.35
2020-11-13,1765.39,1456.81,7.45,-8.83
2020-11-14,2190.13,1823.31,3.83,-6.36
2020-11-15,2487.02,2135.44,0.0,-7.32
2020-11-16,1973.52,1871.22,8.16,-7.17
2020-11-17,1768.31,1604.99,0.13,-9.5
2020-11-18,2170.69,1825.82,6.26,-8.69
2020-11-19,1786.61,1568.39,1.83,-7.79
2020-11-20,2070.14,1929.39,0.0,-7.13
2020-11-21,2635.36,2372.94,0.65,-8.82
2020-11-22,2501.77,2175.99,3.84,-7.49
2020-11-23,1795.73,1580.92,1.02,-6.96
2020-11-24,1966.63,1796.37,1.19,-6.27
2020-11-25,1635.64,1345.9,1.93,-9.0
2020-11-26,2363.93,2075.87,3.28,-8.34
2020-11-27,2067.6,1910.28,1.95,-7.23
2020-11-28,2212.43,1781.95,4.91,-8.66
2020-11-29,1733.08,1630.03,1.59,-7.83
2020-11-30,1449.14,1245.6,4.02,-5.43
2020-12-01,1017.14,889.53,1.17,-0.97
2020-12-02,1320.46,1131.76,0.42,-0.43
2020-12-03,1449.9,1247.56,0.09,-1.24
2020-12-04,1434.13,1221.75,0.0,-0.95
2020-12-05,1342.62,1247.7,0.32,-0.8
2020-12-06,1293.74,1152.64,1.15,-1.65
2020-12-07,1432.42,1177.39,0.0,-0.94
2020-12-08,1147.62,922.54,0.35,-0.49
2020-12-09,1313.5,1150.52,0.0,-1.65
2020-12-10,1065.17,954.52,0.38,-0.46
2020-12-11,979.38,792.51,0.0,-0.58
2020-12-12,1246.64,1008.19,1.69,-1.56
2020-12-13,1197.27,975.96,0.21,-1.71
2020-12-14,1202.96,1054.29,0.64,-2.53
2020-12-15,1528.11,1320.15,0.9,1.29
2020-12-16,958.28,819.49,0.32,0.21
2020-12-17,1220.84,978.69,1.2,-0.24
2020-12-18,1155.87,928.03,0.0,-0.14
2020-12-19,1100.89,916.25,0.59,-2.12
2020-12-20,1296.17,1058.27,0.96,-2.96
2020-12-21,1815.14,1540.51,0.0,-1.04
2020-12-22,1256.76,1076.27,1.87,-1.87
2020-12-23,730.91,689.46,0.73,-0.79
2020-12-24,1132.73,1023.11,1.33,-2.6
2020-12-25,1198.32,1073.19,0.43,-0.08
2020-12-26,1485.52,1330.29,0.74,-1.64
2020-12-27,1342.1,1222.14,0.0,-0.94
2020-12-28,1803.35,1453.95,0.61,-0.76
2020-12-29,1186.29,1001.8,0.0,0.3
2020-12-30,1600.1,1438.82,0.0,-1.45
2020-12-31,1190.99,1089.34,0.73,-1.71
2021-01-01,1549.01,1384.35,0.0,6.75
2021-01-02,1174.38,1075.97,0.72,7.07
2021-01-03,1413.97,1140.08,2.23,9.46
2021-01-04,1749.82,1572.16,1.1,8.59
2021-01-05,1208.76,1135.28,0.0,7.41
2021-01-06,979.68,873.81,0.0,6.05
2021-01-07,1244.69,1161.34,0.28,6.66
2021-01-08,1528.25,1416.65,0.74,8.27
2021-01-09,1258.22,1149.08,0.73,9.21
2021-01-10,1264.99,1136.5,1.21,8.73
2021-01-11,1345.26,1274.9,0.0,7.91
2021-01-12,1278.53,1063.77,1.15,8.58
2021-01-13,1609.57,1464.58,0.52,10.3
2021-01-14,1568.86,1388.05,0.0,8.08
2021-01-15,1488.34,1332.72,0.8,7.38
2021-01-16,1419.52,1188.14,0.3,7.98
2021-01-17,1247.74,1147.94,0.0,8.26
2021-01-18,949.87,786.69,1.08,9.45
2021-01-19,1599.16,1412.27,0.01,6.55
2021-01-20,1023.42,953.32,0.14,7.18
2021-01-21,1731.74,1615.59,0.18,6.3
2021-01-22,1664.3,1332.24,1.84,7.25
2021-01-23,918.59,844.3,1.51,8.18
2021-01-24,1091.06,883.46,2.27,7.7
2021-01-25,1685.53,1490.17,2.1,9.63
2021-01-26,1539.11,1421.76,0.0,8.83
2021-01-27,1095.45,885.98,0.5,9.12
2021-01-28,1137.68,998.42,1.26,8.68
2021-01-29,1014.58,861.61,0.35,7.16
2021-01-30,1266.19,1152.67,0.88,6.63
2021-01-31,1043.95,934.78,1.98,7.65
2021-02-01,1365.42,1170.95,1.42,16.7
2021-02-02,1771.15,1465.93,1.73,15.59
2021-02-03,1006.38,883.31,0.08,17.77
2021-02-04,1380.79,1158.34,0.38,18.03
2021-02-05,1251.26,1151.66,0.2,17.4
2021-02-06,1007.52,826.19,0.0,17.21
2021-02-07,1205.39,1096.21,0.0,16.84
2021-02-08,1149.45,1024.77,0.88,17.4
2021-02-09,1156.64,937.28,0.78,17.12
2021-02-10,1274.96,1070.02,0.34,17.36
2021-02-11,1244.72,1137.56,0.0,16.08
2021-02-12,1673.17,1354.94,0.28,16.47
2021-02-13,1296.5,1117.14,0.58,15.87
2021-02-14,1484.21,1192.23,0.27,17.25
2021-02-15,1321.83,1067.83,1.06,17.1
2021-02-16,909.36,827.18,0.08,15.89
2021-02-17,1441.76,1363.62,0.0,19.41
2021-02-18,896.22,732.31,1.43,16.57
2021-02-19,1164.54,1029.67,1.01,16.55
2021-02-20,1046.04,971.8,0.55,16.7
2021-02-21,1338.08,1086.87,0.8,18.81
2021-02-22,1031.97,851.23,0.0,16.55
2021-02-23,1802.5,1589.47,1.92,15.97
2021-02-24,1305.2,1202.04,0.0,16.35
2021-02-25,1285.28,1078.08,0.0,17.6
2021-02-26,1179.31,1077.32,0.0,15.55
2021-02-27,1323.75,1148.6,0.21,17.51
2021-02-28,1520.78,1339.51,0.44,16.03
2021-03-01,2797.84,2397.93,4.08,24.09
2021-03-02,2845.31,2398.8,0.0,23.95
2021-03-03,3347.37,2876.71,4.38,24.13
2021-03-04,2827.14,2328.7,3.71,24.57
2021-03-05,3062.54,2866.3,3.67,23.16
2021-03-06,2666.09,2206.55,1.19,23.89
2021-03-07,3104.36,2770.01,1.6,22.43
2021-03-08,2809.69,2655.35,4.82,23.85
2021-03-09,2781.99,2294.84,4.3,25.02
2021-03-10,2725.14,2246.43,3.97,23.62
2021-03-11,2693.23,2514.24,5.59,23.81
2021-03-12,2877.75,2383.1,1.29,23.86
2021-03-13,2921.68,2475.11,5.62,23.94
2021-03-14,3326.85,2890.66,1.76,23.5
2021-03-15,1903.98,1572.81,1.0,24.58
2021-03-16,3136.25,2556.34,3.09,23.02
2021-03-17,2635.72,2404.63,0.67,21.56
2021-03-18,3286.86,2803.22,5.04,23.49
2021-03-19,3290.05,2694.36,2.08,23.72
2021-03-20,2328.38,2102.41,4.38,23.19
2021-03-21,3009.71,2698.0,0.98,24.37
2021-03-22,2850.55,2410.99,5.88,24.62
2021-03-23,2273.3,2045.4,3.45,24.26
2021-03-24,2963.93,2669.34,1.52,22.62
2021-03-25,2860.05,2658.95,0.0,21.31
2021-03-26,1930.93,1827.67,3.69,23.4
2021-03-27,2422.97,2250.34,1.56,24.01
2021-03-28,3005.24,2744.07,1.48,24.48
2021-03-29,2589.3,2115.16,3.32,23.2
2021-03-30,2946.91,2400.2,5.68,21.7
2021-03-31,2681.49,2265.83,0.0,24.37
2021-04-01,3180.12,2969.74,5.42,26.73
2021-04-02,2540.27,2411.52,2.17,25.53
2021-04-03,2828.02,2289.41,4.32,26.35
2021-04-04,3265.4,3018.52,2.53,26.64
2021-04-05,2875.83,2523.88,4.0,24.19
2021-04-06,2524.83,2247.82,4.95,25.65
2021-04-07,2745.02,2445.99,3.91,27.22
2021-04-08,3499.83,3068.84,0.0,26.78
2021-04-09,2701.58,2358.88,0.31,26.42
2021-04-10,2857.34,2502.85,4.96,26.61
2021-04-11,2550.94,2138.09,2.39,25.56
2021-04-12,1916.9,1589.9,1.56,23.93
2021-04-13,2198.11,1826.74,3.52,25.8
2021-04-14,2802.75,2482.69,4.17,25.42
2021-04-15,2049.93,1926.45,2.23,25.22
2021-04-16,2722.27,2318.78,0.23,26.27
2021-04-17,3230.4,2823.48,2.04,25.6
2021-04-18,2538.84,2187.6,0.0,24.14
2021-04-19,2906.85,2590.54,3.02,26.92
2021-04-20,2583.05,2332.47,2.29,25.39
2021-04-21,2692.59,2338.34,0.22,25.11
2021-04-22,2677.25,2170.31,5.04,25.51
2021-04-23,2710.06,2550.87,0.7,27.23
2021-04-24,3262.84,2615.23,4.35,24.27
2021-04-25,3083.29,2749.94,2.47,26.38
2021-04-26,3054.64,2508.84,2.12,25.26
2021-04-27,2786.71,2352.7,1.58,28.68
2021-04-28,2605.74,2369.6,0.0,26.73
2021-04-29,3187.78,2881.35,2.85,27.84
2021-04-30,2501.81,2297.53,0.11,24.91
2021-05-01,3356.99,3099.72,1.5,21.77
2021-05-02,2522.73,2245.63,0.0,24.76
2021-05-03,3213.02,2750.93,4.25,23.34
2021-05-04,2314.22,1860.21,0.07,23.16
2021-05-05,3324.12,2829.13,4.79,23.44
2021-05-06,2514.5,2240.08,4.22,22.41
2021-05-07,2306.26,2186.81,0.82,25.48
2021-05-08,2615.16,2102.93,1.91,22.44
2021-05-09,3018.51,2588.77,2.01,22.49
2021-05-10,2655.28,2482.72,0.0,23.23
2021-05-11,3078.78,2741.47,1.33,22.05
2021-05-12,2205.49,1815.39,3.06,21.55
2021-05-13,3493.01,3193.6,6.46,23.37
2021-05-14,3291.09,2728.95,0.0,22.72
2021-05-15,2732.74,2296.97,1.06,23.65
2021-05-16,2997.58,2460.65,3.92,21.76
2021-05-17,3629.63,3169.88,0.16,23.88
2021-05-18,3159.79,2623.24,5.92,24.72
2021-05-19,2613.88,2277.55,1.79,22.06
2021-05-20,2896.37,2695.06,2.53,25.36
2021-05-21,2923.22,2393.31,1.22,22.92
2021-05-22,3149.27,2982.82,1.75,22.42
2021-05-23,3250.42,2887.38,1.9,22.14
2021-05-24,2462.9,2113.12,3.28,22.86
2021-05-25,1945.73,1725.07,8.28,24.78
2021-05-26,2665.24,2514.41,2.83,25.08
2021-05-27,2721.06,2525.4,1.7,24.75
2021-05-28,2718.22,2382.69,1.73,24.59
2021-05-29,3062.36,2458.67,2.39,25.55
2021-05-30,2703.43,2217.26,3.9,24.69
2021-05-31,2411.34,2220.04,0.0,22.69
2021-06-01,4158.02,3335.34,8.79,17.86
2021-06-02,4862.55,4430.13,15.1,17.42
2021-06-03,4203.08,3845.47,16.18,18.18
2021-06-04,4675.72,3802.72,18.42,16.18
2021-06-05,4487.99,3634.83,2.16,15.37
2021-06-06,4103.79,3780.56,10.15,17.03
2021-06-07,4804.3,4204.22,9.22,16.78
2021-06-08,4829.62,3900.08,17.63,16.84
2021-06-09,4145.21,3490.89,6.01,16.24
2021-06-10,4914.74,4168.8,10.84,15.46
2021-06-11,4433.74,3948.35,12.47,17.02
2021-06-12,5180.33,4239.78,4.15,17.01
2021-06-13,5001.85,4470.25,25.12,15.71
2021-06-14,4604.83,3850.97,9.05,17.84
2021-06-15,4779.72,4196.72,13.42,18.37
2021-06-16,4696.21,3948.16,8.95,15.17
2021-06-17,4485.96,3625.33,14.01,16.05
2021-06-18,4088.79,3271.11,18.73,16.37
2021-06-19,4507.69,3648.54,17.73,15.97
2021-06-20,4912.55,4163.09,6.8,16.73
2021-06-21,4111.23,3482.22,16.37,16.51
2021-06-22,4631.28,4006.39,13.16,16.77
2021-06-23,4878.03,4186.07,11.61,18.98
2021-06-24,5211.37,4172.51,17.56,17.52
2021-06-25,4091.8,3740.54,13.15,17.07
2021-06-26,4544.33,3838.63,13.18,17.2
2021-06-27,4357.66,3721.47,9.37,17.14
2021-06-28,4500.26,3892.32,15.61,15.56
2021-06-29,4395.27,3550.74,3.57,15.58
2021-06-30,4273.38,3945.72,20.71,16.6
2021-07-01,4741.26,4418.97,9.78,10.1
2021-07-02,4835.24,4308.99,5.57,7.26
2021-07-03,4291.02,3635.97,19.65,8.81
2021-07-04,3905.29,3542.03,21.86,8.19
2021-07-05,4425.89,3579.28,6.73,6.59
2021-07-06,4520.46,3797.81,5.99,6.47
2021-07-07,3933.09,3384.99,10.69,5.36
2021-07-08,5706.31,4573.54,16.71,8.54
2021-07-09,4479.16,3792.86,24.11,8.22
2021-07-10,4857.69,4266.0,16.31,7.76
2021-07-11,4596.12,4033.99,17.89,7.26
2021-07-12,3880.45,3105.15,3.19,8.99
2021-07-13,3824.28,3322.15,16.02,8.68
2021-07-14,3699.55,2996.09,7.03,7.26
2021-07-15,4101.5,3572.7,22.03,7.89
2021-07-16,4510.44,4259.73,13.38,7.79
2021-07-17,4174.99,3428.17,8.03,7.4
2021-07-18,5140.82,4558.6,15.35,8.33
2021-07-19,4315.21,3888.52,4.21,9.58
2021-07-20,4094.57,3839.16,4.45,7.74
2021-07-21,3582.14,2899.14,13.98,8.62
2021-07-22,4082.43,3348.17,24.54,8.04
2021-07-23,4792.29,4322.37,12.02,6.37
2021-07-24,4404.98,4057.18,9.86,10.19
2021-07-25,3552.76,2930.54,8.62,7.92
2021-07-26,3788.02,3058.82,10.4,8.45
2021-07-27,4685.55,3930.85,12.29,8.33
2021-07-28,5512.15,4470.15,3.82,8.16
2021-07-29,4520.69,4232.2,15.29,7.42
2021-07-30,4712.94,4305.73,12.11,7.92
2021-07-31,3878.34,3475.35,6.23,8.83
2021-08-01,4021.78,3558.32,14.83,-1.01
2021-08-02,5281.13,4406.05,15.71,-1.21
2021-08-03,3874.8,3286.8,15.63,-0.53
2021-08-04,4857.05,3906.89,11.08,-1.87
2021-08-05,5549.86,4538.54,10.52,-1.76
2021-08-06,3716.83,3393.98,3.94,-2.6
2021-08-07,3566.73,3274.73,18.05,-0.59
2021-08-08,3710.19,3101.94,20.27,-2.24
2021-08-09,4507.14,3755.02,6.28,-0.79
2021-08-10,4405.29,3907.55,2.76,0.98
2021-08-11,5308.61,4471.83,12.63,-0.22
2021-08-12,4354.71,3794.92,20.47,-1.41
2021-08-13,3774.41,3354.21,11.93,-1.55
2021-08-14,3986.89,3232.07,9.8,-0.56
2021-08-15,3197.89,2947.28,13.19,-1.48
2021-08-16,4978.86,4472.0,18.22,-0.26
2021-08-17,3610.71,3118.87,13.92,-0.31
2021-08-18,3220.82,2723.49,7.61,-2.02
2021-08-19,4839.69,4410.33,5.11,-1.25
2021-08-20,5066.81,4595.06,5.63,-2.2
2021-08-21,4267.8,3651.7,14.77,0.46
2021-08-22,3639.95,3209.25,8.41,-0.77
2021-08-23,4084.78,3746.13,15.14,-0.43
2021-08-24,4552.65,4130.0,2.47,-0.21
2021-08-25,4308.01,3778.47,13.5,-3.31
2021-08-26,4578.53,3979.92,18.49,-0.0
2021-08-27,4615.04,4196.67,14.99,-1.42
2021-08-28,4838.3,4121.27,8.78,-0.46
2021-08-29,4719.75,4290.53,16.67,-0.37
2021-08-30,4543.98,3746.31,0.0,-1.07
2021-08-31,4847.77,4157.7,17.09,-1.06
2021-09-01,4727.4,4361.35,16.64,-8.59
2021-09-02,4750.33,3837.08,12.3,-5.77
2021-09-03,4519.97,4158.37,10.57,-7.32
2021-09-04,3423.33,2806.3,18.58,-8.71
2021-09-05,3993.95,3672.45,14.26,-6.78
2021-09-06,4841.78,4288.67,3.8,-7.52
2021-09-07,4180.12,3565.41,5.99,-8.69
2021-09-08,3738.82,3401.97,18.68,-8.27
2021-09-09,4424.22,3826.58,7.78,-6.66
2021-09-10,3941.74,3186.85,19.41,-7.05
2021-09-11,4423.26,3958.12,20.32,-6.44
2021-09-12,4320.12,3942.71,4.04,-7.88
2021-09-13,4235.98,4011.71,8.96,-9.26
2021-09-14,4516.4,3734.63,7.45,-6.07
2021-09-15,4193.32,3572.62,8.14,-5.89
2021-09-16,3751.74,3116.94,8.1,-9.34
2021-09-17,4435.98,4193.25,17.69,-8.87
2021-09-18,4139.13,3358.23,13.06,-7.67
2021-09-19,4592.85,4103.93,13.18,-8.4
2021-09-20,3850.21,3088.89,16.98,-6.4
2021-09-21,5006.84,4209.07,2.55,-6.66
2021-09-22,5008.83,4718.37,13.63,-7.8
2021-09-23,4638.4,4183.91,21.99,-6.86
2021-09-24,4385.3,3891.69,11.74,-7.92
2021-09-25,3688.22,3415.18,11.34,-7.09
2021-09-26,4782.3,4526.69,5.88,-8.45
2021-09-27,4429.54,3832.01,13.9,-7.4
2021-09-28,4281.62,3889.92,2.36,-7.57
2021-09-29,4456.62,3727.09,21.41,-6.3
2021-09-30,4248.51,3525.8,13.58,-7.23
2021-10-01,2170.38,1816.9,1.6,-10.87
2021-10-02,1979.85,1801.48,1.57,-8.39
2021-10-03,2299.13,2123.12,3.82,-9.55
2021-10-04,2022.79,1679.0,4.49,-8.58
2021-10-05,2204.4,1786.16,3.31,-8.29
2021-10-06,2205.0,1957.31,2.58,-11.72
2021-10-07,2085.46,1876.85,4.62,-10.27
2021-10-08,1930.74,1727.12,5.91,-9.17
2021-10-09,1694.8,1520.91,0.0,-12.04
2021-10-10,1835.13,1590.3,4.72,-10.69
2021-10-11,2001.23,1632.62,4.59,-10.02
2021-10-12,1852.06,1663.66,5.89,-10.7
2021-10-13,1852.29,1726.81,4.09,-11.04
2021-10-14,2171.18,1772.91,4.94,-11.01
2021-10-15,1664.88,1465.65,3.2,-11.66
2021-10-16,1594.68,1473.93,0.36,-10.67
2021-10-17,2301.66,2015.9,0.71,-11.36
2021-10-18,1931.06,1705.14,1.3,-11.4
2021-10-19,2004.3,1855.35,3.84,-9.15
2021-10-20,2126.03,1840.89,4.21,-11.1
2021-10-21,2107.71,1905.56,1.02,-9.47
2021-10-22,1874.79,1546.31,2.41,-9.89
2021-10-23,2523.39,2152.81,2.44,-9.58
2021-10-24,1934.89,1698.61,2.38,-11.42
2021-10-25,2179.96,1820.55,2.71,-10.59
2021-10-26,2306.41,1988.97,7.18,-8.66
2021-10-27,1300.8,1074.14,5.17,-8.94
2021-10-28,1209.28,1125.33,3.01,-9.45
2021-10-29,2665.76,2179.47,3.5,-10.92
2021-10-30,1731.4,1564.85,2.18,-10.47
2021-10-31,1614.67,1414.73,2.74,-9.82
2021-11-01,1910.1,1755.21,2.9,-7.63
2021-11-02,1770.5,1599.29,7.06,-6.63
2021-11-03,2084.19,1928.75,6.52,-7.23
2021-11-04,2101.5,1930.72,0.0,-7.78
2021-11-05,1604.23,1489.12,2.59,-7.68
2021-11-06,2307.02,2123.68,2.63,-8.29
2021-11-07,1987.15,1609.69,3.12,-7.86
2021-11-08,2282.21,1848.55,3.99,-7.54
2021-11-09,1817.99,1556.78,3.42,-7.88
2021-11-10,2403.85,2049.47,0.84,-8.28
2021-11-11,1812.7,1550.65,2.63,-5.83
2021-11-12,1915.15,1534.52,5.58,-6.62
2021-11-13,2195.46,1915.75,0.72,-7.32
2021-11-14,2453.9,2239.83,5.79,-7.17
2021-11-15,2025.15,1662.75,5.82,-6.51
2021-11-16,2457.86,2038.17,1.56,-7.06
2021-11-17,2088.97,1955.77,3.93,-7.05
2021-11-18,2432.52,2157.21,4.57,-7.28
2021-11-19,1690.24,1472.35,3.8,-8.58
2021-11-20,2279.97,1906.57,1.74,-8.6
2021-11-21,1888.85,1768.29,0.19,-8.96
2021-11-22,2009.31,1722.83,3.44,-8.07
2021-11-23,2153.24,1979.76,5.06,-6.66
2021-11-24,1670.43,1495.8,3.2,-7.64
2021-11-25,1647.32,1365.03,1.21,-8.6
2021-11-26,2210.36,1987.76,0.0,-6.97
2021-11-27,2165.69,1979.72,4.25,-8.54
2021-11-28,2430.42,2038.97,2.08,-7.65
2021-11-29,2104.9,1696.22,0.0,-8.82
2021-11-30,2349.4,2230.58,4.34,-7.88
2021-12-01,1383.76,1158.7,0.75,-1.71
2021-12-02,1331.34,1226.17,1.43,-1.81
2021-12-03,1045.83,840.18,0.3,0.21
2021-12-04,1150.61,1033.42,0.0,-0.36
2021-12-05,1455.52,1330.85,1.56,0.07
2021-12-06,1805.01,1602.92,1.27,-0.67
2021-12-07,1336.22,1220.65,0.52,0.77
2021-12-08,1176.96,1046.94,0.0,-1.55
2021-12-09,1391.91,1157.72,0.0,0.12
2021-12-10,1437.33,1161.36,1.05,0.6
2021-12-11,1788.54,1612.6,0.1,-0.44
2021-12-12,1259.91,1138.49,0.5,-2.28
2021-12-13,1552.87,1306.42,1.57,-0.6
2021-12-14,1044.51,946.08,0.0,-0.63
2021-12-15,1796.77,1663.1,0.08,-0.48
2021-12-16,1632.72,1502.79,1.18,-0.5
2021-12-17,1310.88,1144.76,0.95,-2.1
2021-12-18,1221.86,1146.35,0.0,-0.46
2021-12-19,1738.87,1483.67,1.76,-1.81
2021-12-20,1262.75,1177.43,1.25,-0.74
2021-12-21,1017.35,945.57,1.0,-1.17
2021-12-22,1352.97,1245.27,0.0,-0.0
2021-12-23,1363.29,1289.68,1.16,0.19
2021-12-24,1269.97,1028.74,0.35,-1.48
2021-12-25,1248.54,1012.13,0.0,-1.66
2021-12-26,1123.78,916.05,0.0,-1.23
2021-12-27,1235.96,1169.17,0.31,-2.7
2021-12-28,1184.3,1000.62,0.01,0.05
2021-12-29,1178.2,987.88,0.22,0.37
2021-12-30,1015.36,864.47,0.2,-0.67
2021-12-31,1292.14,1092.33,0.0,0.35
2022-01-01,1370.55,1200.36,0.69,6.94
2022-01-02,1387.45,1166.91,0.0,7.15
2022-01-03,1293.84,1194.67,0.0,7.61
2022-01-04,1270.81,1104.03,0.0,8.54
2022-01-05,1710.29,1589.42,1.4,8.68
2022-01-06,1398.45,1294.99,0.0,6.82
2022-01-07,1175.15,1026.95,1.86,7.93
2022-01-08,1611.72,1376.75,0.45,7.73
2022-01-09,1563.61,1429.71,0.08,6.04
2022-01-10,1239.15,1168.17,0.26,8.26
2022-01-11,986.22,884.36,0.22,10.68
2022-01-12,1373.91,1175.82,0.0,7.11
2022-01-13,1400.52,1178.95,0.0,8.29
2022-01-14,1148.03,1060.62,0.07,8.38
2022-01-15,1252.29,1028.69,0.55,8.45
2022-01-16,1604.49,1372.01,0.09,8.12
2022-01-17,1088.78,899.62,0.82,8.47
2022-01-18,1024.43,853.07,1.05,7.64
2022-01-19,1434.73,1282.79,0.74,8.38
2022-01-20,1140.67,990.96,0.87,7.29
2022-01-21,1234.57,995.08,1.16,7.97
2022-01-22,1065.87,890.77,0.0,7.93
2022-01-23,1522.5,1253.28,1.77,7.79
2022-01-24,613.12,545.4,0.1,9.17
2022-01-25,1208.67,1059.5,0.02,6.89
2022-01-26,1492.05,1307.75,0.67,7.35
2022-01-27,1300.46,1125.84,0.55,7.49
2022-01-28,1228.14,987.11,0.73,6.45
2022-01-29,1224.63,1031.33,0.7,7.11
2022-01-30,1195.95,1100.53,0.0,9.43
2022-01-31,1146.26,957.75,0.76,7.55
2022-02-01,1471.38,1382.17,1.98,16.36
2022-02-02,1258.44,1051.01,1.73,17.14
2022-02-03,1251.33,1181.53,0.45,17.51
2022-02-04,1348.96,1216.46,1.06,15.54
2022-02-05,1517.29,1429.4,0.14,17.33
2022-02-06,1433.35,1353.81,0.0,16.02
2022-02-07,1519.01,1440.81,1.68,15.91
2022-02-08,980.16,822.51,0.41,16.2
2022-02-09,1549.14,1456.69,0.13,16.53
2022-02-10,1011.33,955.92,0.0,17.3
2022-02-11,1321.3,1105.93,0.0,19.08
2022-02-12,1206.93,1070.17,1.16,17.82
2022-02-13,1062.77,914.37,1.9,16.73
2022-02-14,1448.48,1200.2,0.0,17.92
2022-02-15,1167.76,1009.52,0.0,17.23
2022-02-16,1728.17,1460.29,0.45,15.15
2022-02-17,957.92,789.96,2.09,17.12
2022-02-18,1047.83,953.48,0.28,17.72
2022-02-19,1435.87,1325.52,0.66,18.91
2022-02-20,1502.47,1275.63,0.33,17.86
2022-02-21,1269.32,1125.29,0.57,15.97
2022-02-22,1275.72,1161.96,0.62,16.32
2022-02-23,1318.01,1159.64,0.33,15.26
2022-02-24,1445.56,1231.8,0.45,17.45
2022-02-25,1196.6,997.94,2.01,15.58
2022-02-26,1463.3,1351.4,0.0,18.03
2022-02-27,1276.59,1088.45,1.56,18.15
2022-02-28,1170.35,951.15,0.0,16.36
2022-03-01,2192.26,2030.33,0.0,23.03
2022-03-02,2279.46,1955.08,2.97,24.05
2022-03-03,2052.1,1928.74,1.22,23.92
2022-03-04,3582.87,3085.43,1.95,23.07
2022-03-05,2981.4,2819.43,0.04,25.31
2022-03-06,2999.63,2452.06,1.73,22.88
2022-03-07,3044.09,2737.45,2.31,23.37
2022-03-08,2547.89,2356.91,0.0,24.73
2022-03-09,2970.2,2542.54,4.39,23.12
2022-03-10,2684.48,2419.72,0.0,21.8
2022-03-11,2577.78,2215.06,2.41,23.21
2022-03-12,2660.15,2479.0,0.0,23.3
2022-03-13,2194.21,1920.73,2.64,23.94
2022-03-14,2697.63,2321.26,4.74,25.02
2022-03-15,2880.93,2597.49,5.26,25.21
2022-03-16,2598.95,2403.87,1.4,23.86
2022-03-17,3280.21,2836.38,2.28,24.32
2022-03-18,2714.64,2368.81,3.31,23.12
2022-03-19,2019.56,1789.24,2.29,23.36
2022-03-20,2765.76,2356.07,5.02,22.9
2022-03-21,3216.69,3030.17,3.17,24.94
2022-03-22,2610.26,2346.43,2.15,23.25
2022-03-23,2508.16,2359.62,2.72,24.03
2022-03-24,2339.25,2063.15,0.57,22.56
2022-03-25,2335.29,1928.11,1.43,25.08
2022-03-26,2609.6,2094.18,0.32,23.36
2022-03-27,3219.48,2654.31,5.31,23.21
2022-03-28,2597.09,2093.02,0.81,23.48
2022-03-29,2036.26,1637.76,4.64,23.41
2022-03-30,2812.43,2266.93,0.65,24.59
2022-03-31,2107.52,1993.86,4.99,21.85
2022-04-01,2936.38,2747.39,0.0,26.93
2022-04-02,3138.71,2534.78,0.0,27.21
2022-04-03,2692.39,2245.22,0.82,26.66
2022-04-04,2755.73,2344.08,0.21,26.68
2022-04-05,2489.99,2157.12,1.98,25.34
2022-04-06,2384.58,2097.22,0.0,26.25
2022-04-07,2325.57,1914.14,3.22,26.71
2022-04-08,2616.36,2234.8,0.61,27.7
2022-04-09,2453.97,2034.38,5.14,25.14
2022-04-10,2273.15,2120.65,3.55,25.69
2022-04-11,3044.01,2545.03,1.06,24.57
2022-04-12,3190.12,2874.19,3.03,25.62
2022-04-13,3272.94,2795.32,2.96,25.3
2022-04-14,2321.28,1885.31,3.79,26.61
2022-04-15,3246.17,2737.87,4.11,26.22
2022-04-16,3712.66,3199.12,0.76,24.16
2022-04-17,2486.2,2064.12,4.29,26.21
2022-04-18,2874.07,2654.18,2.85,27.47
2022-04-19,2918.17,2445.29,3.33,25.28
2022-04-20,3160.16,2681.87,2.9,26.9
2022-04-21,3475.38,3080.24,5.25,26.92
2022-04-22,2137.35,1956.29,0.95,26.73
2022-04-23,2385.09,2175.35,3.24,24.68
2022-04-24,2913.5,2702.03,0.02,25.71
2022-04-25,1954.05,1699.64,1.58,26.53
2022-04-26,2371.66,2092.33,5.82,25.45
2022-04-27,2451.9,1980.06,2.44,26.08
2022-04-28,2873.88,2542.2,3.88,25.23
2022-04-29,2800.2,2383.37,2.39,25.2
2022-04-30,2730.88,2243.4,3.54,25.0
2022-05-01,3214.66,3005.83,5.8,23.83
2022-05-02,3055.46,2755.86,4.12,23.47
2022-05-03,2901.04,2596.59,3.31,22.45
2022-05-04,2704.76,2459.48,2.09,24.75
2022-05-05,2301.76,1887.87,0.0,24.3
2022-05-06,2892.58,2358.94,3.29,25.12
2022-05-07,2537.22,2029.79,1.24,23.87
2022-05-08,2433.49,2039.68,4.71,23.61
2022-05-09,2679.82,2178.04,3.22,26.35
2022-05-10,1939.05,1727.83,3.75,22.2
2022-05-11,2561.96,2086.71,1.43,22.97
2022-05-12,3367.41,3135.21,0.0,23.03
2022-05-13,3205.86,2888.08,0.36,21.96
2022-05-14,2338.66,1917.66,4.27,22.67
2022-05-15,2930.65,2652.51,5.46,24.29
2022-05-16,3012.8,2636.18,2.72,24.33
2022-05-17,3375.78,3013.1,1.08,21.85
2022-05-18,2655.41,2174.34,2.83,26.14
2022-05-19,2543.12,2056.25,0.29,23.67
2022-05-20,2878.45,2537.79,0.19,24.25
2022-05-21,2291.84,1920.21,5.94,23.57
2022-05-22,3165.51,2958.77,0.0,23.93
2022-05-23,3314.6,2970.36,0.4,24.95
2022-05-24,2253.67,2040.16,1.7,21.56
2022-05-25,3123.57,2858.0,1.25,23.43
2022-05-26,2389.45,2153.73,4.46,25.01
2022-05-27,2568.38,2414.82,0.0,22.41
2022-05-28,2592.24,2301.08,1.32,23.5
2022-05-29,2935.3,2571.0,1.64,23.09
2022-05-30,2983.27,2833.1,0.04,21.52
2022-05-31,2525.6,2355.1,0.14,23.35
2022-06-01,3603.05,3238.98,3.87,18.99
2022-06-02,4110.35,3876.82,13.04,17.51
2022-06-03,4461.28,3971.75,4.83,15.2
2022-06-04,5245.19,4504.37,7.0,16.64
2022-06-05,4752.98,3951.27,7.63,17.08
2022-06-06,4159.47,3687.57,17.98,17.25
2022-06-07,5052.95,4451.86,8.62,17.12
2022-06-08,4104.15,3465.74,10.77,17.8
2022-06-09,4463.01,3860.13,11.55,16.24
2022-06-10,4586.28,3724.18,19.21,17.32
2022-06-11,5635.72,5209.09,9.57,16.29
2022-06-12,4949.32,3989.37,15.36,16.19
2022-06-13,4717.99,4185.31,0.0,17.19
2022-06-14,4736.33,4464.37,20.27,16.92
2022-06-15,4162.53,3604.66,9.58,15.74
2022-06-16,5264.65,4924.34,12.79,16.41
2022-06-17,3853.69,3338.78,8.81,17.33
2022-06-18,5104.17,4508.02,18.85,16.44
2022-06-19,4722.1,4333.29,18.61,15.48
2022-06-20,5373.37,4786.4,12.31,17.58
2022-06-21,4786.87,4239.93,4.34,18.4
2022-06-22,4777.11,4299.3,2.73,17.13
2022-06-23,4444.25,3664.3,7.17,16.48
2022-06-24,4225.92,3632.89,8.77,16.86
2022-06-25,3035.28,2602.5,24.32,16.8
2022-06-26,4594.56,3724.68,7.63,17.01
2022-06-27,5347.86,4982.63,23.38,17.55
2022-06-28,4534.42,3658.54,24.62,17.6
2022-06-29,4272.73,3527.06,10.69,15.36
2022-06-30,4559.8,3745.34,13.91,17.13
2022-07-01,4988.91,4048.57,0.0,6.89
2022-07-02,5385.08,4327.46,0.0,7.68
2022-07-03,3994.7,3254.74,8.91,8.11
2022-07-04,4753.71,4083.3,6.5,9.13
2022-07-05,4336.49,3585.65,10.72,8.62
2022-07-06,5020.09,4710.68,3.58,10.65
2022-07-07,4408.42,3758.14,9.86,8.5
2022-07-08,4325.85,3719.8,9.02,8.6
2022-07-09,4661.49,3855.67,11.63,7.4
2022-07-10,5038.95,4468.31,8.68,9.6
2022-07-11,4717.39,4387.0,14.85,8.16
2022-07-12,4316.88,3808.73,10.5,6.93
2022-07-13,4751.37,4511.33,0.0,8.4
2022-07-14,4085.8,3365.93,5.99,7.72
2022-07-15,4209.11,3789.81,4.96,5.37
2022-07-16,4239.3,3757.46,18.86,6.27
2022-07-17,4448.28,3927.93,4.57,6.6
2022-07-18,4669.35,4130.43,19.23,7.38
2022-07-19,4939.71,4372.18,5.54,8.66
2022-07-20,4914.03,4029.4,10.43,10.44
2022-07-21,4234.27,3768.06,2.59,6.15
2022-07-22,4559.78,3843.18,11.99,7.77
2022-07-23,4820.27,3982.32,12.74,7.11
2022-07-24,4469.08,3848.35,17.12,10.12
2022-07-25,4979.19,4129.96,12.31,8.94
2022-07-26,4592.41,3969.91,19.52,8.39
2022-07-27,4660.39,4128.26,13.16,7.43
2022-07-28,4104.99,3472.67,8.22,7.25
2022-07-29,5562.39,4805.76,19.99,7.27
2022-07-30,4600.01,3875.47,3.07,8.09
2022-07-31,5119.79,4106.48,9.62,9.34
2022-08-01,5091.28,4504.2,11.36,-0.0
2022-08-02,5129.62,4820.61,18.88,-0.35
2022-08-03,4318.04,3597.35,10.34,-0.55
2022-08-04,5524.91,4618.05,12.0,-0.21
2022-08-05,4892.91,4068.22,7.16,-2.69
2022-08-06,4517.01,4246.81,12.67,0.0
2022-08-07,4149.73,3920.86,16.56,0.05
2022-08-08,4007.1,3609.42,10.3,-0.47
2022-08-09,5311.25,4497.72,12.13,-2.46
2022-08-10,5448.88,4968.2,6.31,-1.5
2022-08-11,3790.97,3478.25,7.0,-1.64
2022-08-12,4382.02,3999.43,16.47,-2.51
2022-08-13,3921.51,3201.33,11.86,-1.73
2022-08-14,4094.5,3772.36,5.32,-1.38
2022-08-15,4858.64,4390.02,8.61,-0.58
2022-08-16,4574.68,3887.3,14.18,1.22
2022-08-17,4504.41,3814.38,5.72,-0.97
2022-08-18,4686.67,3845.86,13.87,-1.13
2022-08-19,4670.33,4305.07,19.22,-0.22
2022-08-20,4428.93,4113.48,14.03,-0.6
2022-08-21,4139.02,3467.86,17.07,0.15
2022-08-22,4467.66,3610.07,12.44,-1.2
2022-08-23,5403.26,4458.99,9.9,0.05
2022-08-24,4589.35,3801.72,19.38,-0.91
2022-08-25,5403.27,4994.27,6.84,1.29
2022-08-26,4766.68,3888.71,17.04,-0.53
2022-08-27,4968.66,4630.26,6.13,0.41
2022-08-28,4214.13,3629.07,14.0,-0.93
2022-08-29,4593.65,3846.35,3.69,-0.21
2022-08-30,4429.81,4059.15,13.85,-2.02
2022-08-31,4348.52,4115.29,12.14,-1.26
2022-09-01,3782.05,3220.84,4.11,-10.31
2022-09-02,4971.27,4355.65,12.09,-6.54
2022-09-03,4409.28,3966.02,11.36,-9.14
2022-09-04,5372.94,4456.08,20.4,-7.97
2022-09-05,4748.44,4097.17,18.42,-9.24
2022-09-06,4357.25,3695.5,12.51,-5.94
2022-09-07,4896.59,4170.68,11.27,-9.0
2022-09-08,4295.68,3544.68,14.87,-6.91
2022-09-09,4660.84,4029.67,13.01,-7.55
2022-09-10,3979.08,3554.11,4.6,-9.08
2022-09-11,4207.04,3388.09,13.97,-7.69
2022-09-12,4273.1,3703.19,8.56,-6.5
2022-09-13,4551.72,4229.53,24.25,-7.8
2022-09-14,5252.11,4979.18,11.94,-7.29
2022-09-15,4093.49,3605.38,16.94,-7.3
2022-09-16,4218.65,3893.1,3.47,-8.11
2022-09-17,5000.91,4001.18,9.01,-8.65
2022-09-18,4105.08,3463.47,13.41,-8.91
2022-09-19,3584.43,3338.48,4.63,-7.6
2022-09-20,4958.01,4675.45,7.67,-7.9
2022-09-21,4424.84,3737.71,10.04,-8.51
2022-09-22,4253.75,3808.11,9.69,-7.3
2022-09-23,4590.53,3726.04,19.82,-7.79
2022-09-24,4610.18,4334.58,21.42,-7.52
2022-09-25,4417.83,3722.59,13.27,-8.44
2022-09-26,3768.62,3105.27,17.6,-9.82
2022-09-27,4053.61,3431.57,15.08,-6.14
2022-09-28,4508.16,3711.86,16.74,-6.29
2022-09-29,4071.75,3487.88,12.59,-8.09
2022-09-30,4452.69,3590.94,11.2,-7.18
2022-10-01,1880.7,1771.93,0.63,-9.6
2022-10-02,1835.19,1562.46,5.63,-10.57
2022-10-03,1647.15,1353.8,3.98,-9.72
2022-10-04,2258.55,2022.18,0.5,-11.11
2022-10-05,1708.96,1520.07,2.2,-10.44
2022-10-06,2354.53,1967.5,2.44,-10.34
2022-10-07,2293.67,2041.69,0.26,-10.99
2022-10-08,2421.48,2107.55,2.03,-9.47
2022-10-09,1842.6,1504.45,3.99,-10.33
2022-10-10,2240.32,1810.99,0.78,-8.85
2022-10-11,1581.26,1356.76,4.18,-10.54
2022-10-12,1920.79,1625.28,0.88,-10.05
2022-10-13,2095.86,1954.75,6.31,-8.45
2022-10-14,2724.27,2553.93,2.06,-10.43
2022-10-15,1670.79,1527.06,0.05,-9.62
2022-10-16,1959.22,1826.26,4.24,-8.49
2022-10-17,1540.19,1404.02,2.61,-10.14
2022-10-18,2236.11,1938.1,3.59,-10.1
2022-10-19,1341.16,1255.91,2.68,-8.49
2022-10-20,2119.41,1833.4,1.92,-8.93
2022-10-21,1882.08,1729.81,5.0,-9.84
2022-10-22,2171.42,2012.38,4.57,-9.38
2022-10-23,1833.16,1577.04,2.74,-10.55
2022-10-24,2582.0,2311.43,1.52,-8.71
2022-10-25,2175.77,1918.71,1.53,-10.65
2022-10-26,1720.8,1432.4,2.77,-8.34
2022-10-27,1973.77,1719.68,4.1,-9.94
2022-10-28,2284.86,1980.99,0.97,-9.15
2022-10-29,1921.2,1537.23,2.33,-9.25
2022-10-30,1643.76,1352.77,3.36,-8.79
2022-10-31,2201.46,2002.64,6.06,-11.86
2022-11-01,2259.27,2111.54,1.86,-7.39
2022-11-02,1895.17,1748.03,1.45,-9.23
2022-11-03,2451.66,2086.37,5.33,-7.68
2022-11-04,2161.29,1787.98,3.86,-8.8
2022-11-05,1924.53,1723.03,3.63,-5.75
2022-11-06,1825.81,1472.01,1.78,-6.96
2022-11-07,1436.98,1243.44,3.82,-6.71
2022-11-08,2014.79,1690.08,4.54,-7.96
2022-11-09,1788.55,1591.97,7.97,-6.34
2022-11-10,1880.84,1678.8,0.8,-7.51
2022-11-11,2037.22,1833.51,0.45,-7.21
2022-11-12,2408.77,2103.98,6.28,-9.65
2022-11-13,2106.87,1939.95,0.18,-7.5
2022-11-14,2577.03,2230.83,1.45,-7.14
2022-11-15,1489.36,1397.61,4.1,-7.78
2022-11-16,1380.48,1257.02,3.06,-7.62
2022-11-17,1836.17,1472.24,4.19,-7.82
2022-11-18,2493.01,2175.78,3.72,-5.2
2022-11-19,2113.13,1826.53,2.8,-9.18
2022-11-20,1853.52,1537.02,4.27,-6.01
2022-11-21,2008.64,1642.83,3.24,-8.26
2022-11-22,1976.28,1831.22,1.84,-8.11
2022-11-23,1525.77,1352.82,2.88,-8.14
2022-11-24,1444.45,1223.92,4.57,-7.86
2022-11-25,1755.19,1658.55,3.43,-7.92
2022-11-26,2479.56,2089.73,4.6,-8.32
2022-11-27,2644.54,2227.47,6.24,-7.7
2022-11-28,2155.08,1742.24,2.56,-6.71
2022-11-29,1990.88,1667.28,4.85,-5.38
2022-11-30,2279.73,2015.01,2.17,-8.53
2022-12-01,1308.66,1062.57,1.6,-2.63
2022-12-02,1415.07,1254.25,0.66,-0.78
2022-12-03,1047.44,976.19,0.1,0.43
2022-12-04,1487.48,1329.1,0.72,-1.4
2022-12-05,1108.12,936.52,1.11,0.13
2022-12-06,1443.0,1257.03,0.0,-0.44
2022-12-07,968.98,843.29,0.43,-1.25
2022-12-08,1202.91,999.06,0.26,-1.41
2022-12-09,1667.85,1342.89,0.21,-0.95
2022-12-10,1627.79,1518.38,0.32,-0.92
2022-12-11,1085.19,1003.19,0.34,-0.24
2022-12-12,1025.34,964.57,1.64,-1.91
2022-12-13,995.32,935.02,1.31,-0.23
2022-12-14,1448.87,1319.61,0.03,-1.16
2022-12-15,1143.78,1083.67,0.0,-2.09
2022-12-16,1637.77,1550.14,1.21,0.21
2022-12-17,1176.71,973.26,1.34,-1.19
2022-12-18,1586.51,1362.91,0.0,-2.08
2022-12-19,1829.19,1479.39,0.0,-0.25
2022-12-20,1239.33,1022.69,0.0,-2.16
2022-12-21,879.61,820.37,0.6,-1.64
2022-12-22,1376.92,1238.83,0.0,0.7
2022-12-23,1129.78,905.07,0.61,-3.62
2022-12-24,1567.59,1263.1,1.52,-0.85
2022-12-25,1289.41,1207.52,0.55,-3.71
2022-12-26,1454.72,1337.86,1.81,-1.13
2022-12-27,1576.24,1489.55,0.0,-1.51
2022-12-28,1171.3,1088.66,0.69,-1.77
2022-12-29,1291.37,1203.12,0.0,0.32
2022-12-30,1431.63,1265.07,0.12,-2.86
2022-12-31,1328.08,1123.2,1.42,-1.1
2023-01-01,1225.66,1035.29,0.3,7.85
2023-01-02,1677.06,1425.35,0.02,7.51
2023-01-03,1256.16,1191.11,0.89,6.67
2023-01-04,1284.7,1164.52,0.42,8.98
2023-01-05,1369.59,1153.57,0.09,7.9
2023-01-06,1023.01,822.57,0.0,9.93
2023-01-07,1398.95,1209.99,0.71,6.29
2023-01-08,1959.42,1830.28,1.21,7.74
2023-01-09,1574.33,1478.35,0.0,8.01
2023-01-10,1440.27,1359.37,0.0,7.63
2023-01-11,1360.91,1146.41,0.0,7.32
2023-01-12,907.11,746.71,0.0,8.15
2023-01-13,1423.52,1194.07,0.0,7.42
2023-01-14,1235.48,1094.18,0.37,8.43
2023-01-15,1311.37,1051.89,0.95,7.66
2023-01-16,889.36,844.28,1.37,8.9
2023-01-17,1381.11,1215.38,0.0,6.82
2023-01-18,1216.15,1014.38,2.51,7.96
2023-01-19,1767.2,1550.32,0.84,9.29
2023-01-20,1147.5,977.72,0.18,6.87
2023-01-21,1658.77,1447.49,0.22,8.36
2023-01-22,1641.56,1371.92,1.36,7.45
2023-01-23,1306.3,1096.15,0.0,5.1
2023-01-24,1447.85,1345.8,0.56,8.47
2023-01-25,1352.38,1257.98,0.0,9.63
2023-01-26,1455.49,1264.36,0.0,7.76
2023-01-27,1549.41,1296.23,0.27,7.25
2023-01-28,988.43,868.75,0.0,7.4
2023-01-29,1019.69,928.4,1.24,6.43
2023-01-30,994.73,843.64,0.42,6.01
2023-01-31,1150.39,1088.54,0.0,6.68
2023-02-01,769.08,643.13,0.73,17.05
2023-02-02,1589.85,1416.71,1.28,17.26
2023-02-03,1147.52,1045.31,0.62,16.34
2023-02-04,1427.15,1148.22,0.16,16.86
2023-02-05,1601.27,1510.0,0.15,16.66
2023-02-06,1601.65,1412.21,0.0,16.62
2023-02-07,1129.88,973.58,0.0,16.32
2023-02-08,1056.47,903.28,1.06,17.29
2023-02-09,1283.19,1123.93,0.0,16.11
2023-02-10,1423.68,1319.36,0.81,18.39
2023-02-11,1038.7,940.26,0.18,16.83
2023-02-12,1295.03,1100.01,0.41,18.05
2023-02-13,1490.05,1257.74,1.25,16.41
2023-02-14,1724.86,1559.17,0.18,18.08
2023-02-15,1701.02,1430.9,0.84,18.56
2023-02-16,784.15,695.46,0.25,17.17
2023-02-17,1538.83,1242.88,0.76,19.28
2023-02-18,1288.16,1090.47,0.0,17.02
2023-02-19,963.97,838.27,0.0,16.15
2023-02-20,1401.05,1143.16,1.07,17.65
2023-02-21,1445.44,1295.97,0.17,17.28
2023-02-22,1369.15,1228.07,1.46,18.72
2023-02-23,676.91,549.8,0.58,16.68
2023-02-24,864.44,762.28,0.06,17.4
2023-02-25,1107.07,902.98,0.1,17.44
2023-02-26,707.09,576.99,2.13,17.89
2023-02-27,1390.3,1127.94,0.84,18.11
2023-02-28,1148.13,963.29,0.18,17.58
2023-03-01,2740.23,2484.16,4.24,23.96
2023-03-02,2929.74,2464.68,0.93,22.19
2023-03-03,3288.83,2643.22,2.64,23.42
2023-03-04,3232.02,2991.1,3.89,24.92
2023-03-05,3328.42,3153.26,2.7,22.72
2023-03-06,2749.93,2216.42,3.69,24.67
2023-03-07,2617.45,2115.59,1.25,25.44
2023-03-08,2376.62,2232.32,0.0,22.2
2023-03-09,3216.37,3042.31,0.51,23.63
2023-03-10,2659.66,2269.47,0.0,24.71
2023-03-11,3306.18,2801.49,0.02,24.51
2023-03-12,2940.15,2369.67,0.31,24.59
2023-03-13,2905.83,2524.87,1.75,24.56
2023-03-14,2890.67,2668.64,0.88,23.12
2023-03-15,2194.82,1819.23,2.62,22.01
2023-03-16,3020.75,2438.7,3.36,23.38
2023-03-17,3271.58,2662.09,3.19,21.56
2023-03-18,2992.3,2477.59,4.99,23.1
2023-03-19,2605.79,2413.09,2.25,22.96
2023-03-20,3307.06,2807.73,2.58,24.68
2023-03-21,2116.54,1877.61,3.49,24.99
2023-03-22,3137.24,2606.68,4.33,22.72
2023-03-23,2662.81,2473.19,2.77,22.78
2023-03-24,2842.98,2352.89,2.77,25.46
2023-03-25,3297.29,3050.55,3.41,24.57
2023-03-26,2615.53,2343.69,3.51,23.79
2023-03-27,2767.62,2283.22,2.16,23.13
2023-03-28,2461.94,2056.48,3.11,24.45
2023-03-29,2795.31,2554.48,1.08,23.22
2023-03-30,3152.46,2591.3,2.0,22.35
2023-03-31,3070.2,2729.57,2.94,22.71
2023-04-01,2477.93,2148.85,4.15,26.23
2023-04-02,2782.1,2373.64,0.0,24.96
2023-04-03,2166.56,2030.71,2.83,26.5
2023-04-04,2682.28,2510.74,2.59,25.26
2023-04-05,3063.11,2761.46,1.86,25.07
2023-04-06,2563.73,2106.31,0.85,25.72
2023-04-07,2728.83,2508.72,0.17,24.86
2023-04-08,3016.66,2656.44,4.69,24.74
2023-04-09,3272.05,2926.23,4.29,26.97
2023-04-10,2755.79,2614.53,4.44,26.25
2023-04-11,3000.33,2703.73,0.24,24.91
2023-04-12,3117.72,2859.28,1.64,26.14
2023-04-13,2712.45,2426.55,3.53,24.28
2023-04-14,2026.68,1905.95,4.14,25.23
2023-04-15,2948.08,2470.28,3.17,25.87
2023-04-16,2704.91,2456.48,2.47,26.72
2023-04-17,3149.13,2532.59,0.07,27.45
2023-04-18,2229.55,1862.24,2.56,25.7
2023-04-19,2371.92,2109.6,5.44,25.76
2023-04-20,2973.72,2674.65,0.63,25.16
2023-04-21,3380.85,2773.52,2.03,25.49
2023-04-22,2460.27,2269.34,1.43,25.5
2023-04-23,2500.26,2128.55,1.56,26.03
2023-04-24,2841.69,2693.71,0.0,25.7
2023-04-25,2573.44,2085.8,3.66,26.73
2023-04-26,2854.67,2474.66,4.46,25.99
2023-04-27,3208.61,2650.61,3.84,27.36
2023-04-28,2248.48,1979.16,1.61,25.39
2023-04-29,2796.75,2579.75,2.32,27.37
2023-04-30,2673.96,2303.99,3.85,26.23
2023-05-01,3454.03,2979.47,4.62,22.86
2023-05-02,2532.08,2217.86,0.25,24.74
2023-05-03,3376.78,2774.3,0.98,22.42
2023-05-04,3709.58,3202.86,1.52,23.6
2023-05-05,2618.55,2382.44,5.45,24.26
2023-05-06,2570.93,2148.03,0.0,24.0
2023-05-07,3238.43,2792.64,2.85,24.19
2023-05-08,2641.91,2306.88,0.8,25.54
2023-05-09,3009.29,2569.37,0.0,23.58
2023-05-10,2871.27,2691.85,7.54,22.99
2023-05-11,2709.74,2459.91,4.78,23.35
2023-05-12,3855.27,3226.37,1.68,22.21
2023-05-13,2700.55,2546.19,3.25,25.8
2023-05-14,3022.69,2588.55,0.0,23.71
2023-05-15,2898.43,2513.03,0.4,22.9
2023-05-16,3075.03,2887.41,1.35,22.43
2023-05-17,2543.33,2232.01,5.33,22.35
2023-05-18,3183.02,3007.56,0.15,23.79
2023-05-19,2992.1,2503.85,0.0,24.52
2023-05-20,3092.76,2888.24,4.07,25.15
2023-05-21,2707.48,2266.82,0.85,24.49
2023-05-22,3252.09,2738.88,0.65,22.84
2023-05-23,2222.56,1784.6,1.03,22.32
2023-05-24,2301.08,1895.98,1.41,23.86
2023-05-25,3004.06,2423.46,4.55,22.09
2023-05-26,3183.78,2934.3,4.57,22.96
2023-05-27,3030.95,2609.55,1.74,23.5
2023-05-28,3422.52,2841.16,2.98,24.14
2023-05-29,2963.85,2499.63,2.71,23.71
2023-05-30,2328.96,1869.09,5.75,24.57
2023-05-31,3089.13,2779.88,2.22,21.56
2023-06-01,5556.17,5015.37,7.26,17.0
2023-06-02,5296.33,4622.61,12.12,17.41
2023-06-03,4019.06,3584.87,12.81,16.88
2023-06-04,4104.56,3669.58,12.2,17.77
2023-06-05,4187.8,3823.55,0.0,17.13
2023-06-06,4569.32,4029.86,5.48,16.83
2023-06-07,4086.74,3348.41,15.51,16.63
2023-06-08,4232.62,3781.72,13.77,18.18
2023-06-09,4205.01,3512.67,15.97,15.74
2023-06-10,4835.97,3960.76,14.31,17.26
2023-06-11,5011.6,4130.21,10.8,15.97
2023-06-12,5014.71,4091.35,16.78,18.36
2023-06-13,4513.28,4253.95,12.14,17.74
2023-06-14,3339.84,3096.8,16.7,13.72
2023-06-15,4091.04,3783.35,19.25,16.97
2023-06-16,3654.66,3193.41,6.13,15.49
2023-06-17,4709.32,4003.43,11.6,18.45
2023-06-18,4367.2,4115.61,9.6,16.12
2023-06-19,4239.7,3414.12,0.65,16.61
2023-06-20,4743.09,4187.0,0.3,16.25
2023-06-21,3478.03,2917.14,11.4,17.38
2023-06-22,4368.63,3992.61,2.42,17.66
2023-06-23,4034.85,3697.45,11.66,16.66
2023-06-24,4878.24,4052.59,0.52,16.64
2023-06-25,4707.41,4276.23,9.95,17.87
2023-06-26,4813.8,3942.48,10.32,16.97
2023-06-27,3835.75,3382.07,16.08,16.8
2023-06-28,4961.75,4459.8,5.7,16.62
2023-06-29,4572.66,3863.94,12.3,18.49
2023-06-30,4265.75,3653.17,7.45,17.25
2023-07-01,5300.65,4982.5,10.81,7.12
2023-07-02,5083.19,4422.15,15.19,7.19
2023-07-03,4356.52,3595.07,13.78,8.39
2023-07-04,3187.59,2848.95,27.29,8.11
2023-07-05,4808.38,3892.08,8.18,8.06
2023-07-06,4935.37,4049.02,17.69,7.72
2023-07-07,4634.36,3966.3,5.72,7.17
2023-07-08,4462.06,3842.33,1.89,7.47
2023-07-09,4575.46,4022.06,12.27,9.26
2023-07-10,3877.73,3217.17,13.4,8.87
2023-07-11,3658.33,3459.01,10.11,7.76
2023-07-12,4159.31,3412.06,17.81,8.45
2023-07-13,4100.54,3857.06,19.24,8.61
2023-07-14,4073.81,3407.81,14.85,7.58
2023-07-15,4749.98,4086.79,13.21,7.58
2023-07-16,4613.75,3753.57,15.82,6.99
2023-07-17,3656.39,2992.75,11.97,7.34
2023-07-18,3655.75,3348.39,5.28,7.57
2023-07-19,4688.94,3857.65,3.74,6.55
2023-07-20,4822.26,3995.52,17.57,7.19
2023-07-21,4362.74,4135.4,6.62,8.3
2023-07-22,4240.87,3760.74,19.95,8.11
2023-07-23,4928.29,4565.93,9.47,6.87
2023-07-24,5175.56,4813.39,19.76,8.1
2023-07-25,4050.49,3609.02,17.19,8.81
2023-07-26,4723.7,4289.2,8.99,7.93
2023-07-27,4071.22,3268.01,8.99,6.99
2023-07-28,5048.27,4507.79,0.0,8.97
2023-07-29,4735.68,4393.43,9.8,7.72
2023-07-30,4501.57,4263.95,19.38,7.71
2023-07-31,4202.94,3947.64,3.64,9.28
2023-08-01,4541.42,4035.64,7.63,-2.26
2023-08-02,4893.51,4057.9,18.14,-1.4
2023-08-03,4620.1,4224.29,19.52,-1.92
2023-08-04,4834.9,4181.31,18.35,-0.8
2023-08-05,4474.24,3675.22,15.02,-0.48
2023-08-06,4435.99,4135.17,16.8,-1.39
2023-08-07,4172.16,3791.17,10.59,0.03
2023-08-08,4155.63,3809.41,7.64,-3.83
2023-08-09,3995.78,3422.1,0.0,-0.56
2023-08-10,3377.57,2967.66,8.94,0.14
2023-08-11,3901.02,3283.21,17.32,-0.86
2023-08-12,4640.48,3732.78,23.15,-0.03
2023-08-13,4596.3,4053.3,26.35,-1.67
2023-08-14,4387.69,3544.84,6.74,-3.4
2023-08-15,4855.71,4061.65,30.68,-1.71
2023-08-16,4760.75,4013.04,10.97,-2.36
2023-08-17,4866.41,4368.32,4.35,-1.31
2023-08-18,5113.9,4842.87,10.96,-1.33
2023-08-19,5299.16,4245.18,16.4,-1.56
2023-08-20,4510.93,4264.02,16.72,-0.87
2023-08-21,3447.63,3246.81,24.25,-1.47
2023-08-22,4594.6,3999.47,2.44,-1.21
2023-08-23,5638.54,4812.58,4.59,-0.99
2023-08-24,3868.98,3291.55,14.95,-0.01
2023-08-25,4865.5,4598.77,15.23,-0.77
2023-08-26,4950.75,4143.77,9.18,-0.97
2023-08-27,5592.55,4941.51,7.88,-1.87
2023-08-28,4981.34,4294.16,6.95,-0.87
2023-08-29,4914.03,4661.43,18.43,-1.01
2023-08-30,3599.25,3342.06,8.01,-2.91
2023-08-31,4864.53,4040.12,14.11,-1.33
2023-09-01,4870.27,4583.43,12.78,-9.57
2023-09-02,4430.74,4113.88,9.46,-8.86
2023-09-03,4280.53,4012.2,0.59,-8.84
2023-09-04,4515.7,4282.04,21.65,-8.28
2023-09-05,4472.77,3683.48,9.38,-9.21
2023-09-06,4804.76,4363.77,2.67,-6.04
2023-09-07,4542.69,3712.34,22.45,-5.53
2023-09-08,4542.23,3816.97,5.58,-7.5
2023-09-09,4287.95,3741.8,14.95,-7.55
2023-09-10,4542.26,4206.88,7.72,-6.96
2023-09-11,4361.47,3754.61,14.71,-8.8
2023-09-12,4442.45,3730.7,9.92,-7.28
2023-09-13,4564.92,3689.84,16.84,-8.19
2023-09-14,4116.57,3870.01,12.41,-6.88
2023-09-15,5095.37,4816.87,14.9,-6.53
2023-09-16,4700.12,4124.68,13.21,-7.51
2023-09-17,3987.54,3478.62,13.48,-8.58
2023-09-18,4480.05,4222.79,3.57,-8.82
2023-09-19,3550.74,2999.8,16.49,-6.04
2023-09-20,3809.7,3599.8,9.38,-7.91
2023-09-21,4031.44,3273.57,8.1,-6.98
2023-09-22,4363.14,3545.99,11.91,-7.0
2023-09-23,4833.44,4434.33,9.98,-7.45
2023-09-24,4696.32,4115.25,14.72,-7.01
2023-09-25,4274.66,3555.53,9.33,-8.15
2023-09-26,4212.95,3412.48,15.22,-8.01
2023-09-27,5029.01,4703.36,13.15,-6.39
2023-09-28,4437.86,3995.83,10.73,-7.69
2023-09-29,4994.97,4599.1,4.67,-7.17
2023-09-30,4065.36,3593.25,11.93,-8.76
2023-10-01,2002.74,1758.96,0.0,-10.67
2023-10-02,1972.41,1803.08,3.03,-10.88
2023-10-03,2421.25,2146.54,1.02,-10.55
2023-10-04,1875.61,1696.59,1.01,-12.06
2023-10-05,2327.29,1863.88,6.11,-12.0
2023-10-06,2065.6,1937.54,2.11,-10.79
2023-10-07,1581.69,1488.83,4.98,-9.82
2023-10-08,1889.32,1701.09,3.43,-10.8
2023-10-09,1263.51,1067.98,2.54,-8.56
2023-10-10,2308.83,2106.46,2.33,-10.59
2023-10-11,1895.37,1681.65,3.53,-10.16
2023-10-12,2714.51,2320.65,4.65,-9.89
2023-10-13,2416.46,2044.94,4.45,-9.94
2023-10-14,2108.12,1764.86,4.01,-10.84
2023-10-15,2192.71,1992.78,3.06,-12.33
2023-10-16,1932.54,1686.65,1.14,-8.68
2023-10-17,2050.81,1853.79,3.89,-10.47
2023-10-18,2542.28,2190.95,4.01,-9.6
2023-10-19,1739.17,1479.51,7.42,-9.61
2023-10-20,2053.97,1669.49,4.68,-8.42
2023-10-21,1907.1,1781.64,2.95,-8.54
2023-10-22,1820.05,1701.37,0.0,-9.69
2023-10-23,2198.33,1817.47,2.2,-9.18
2023-10-24,1859.97,1558.06,0.03,-10.82
2023-10-25,1879.74,1628.38,4.22,-11.73
2023-10-26,2375.76,2219.02,1.44,-10.77
2023-10-27,2350.82,1926.61,1.68,-9.54
2023-10-28,2327.63,1948.12,1.9,-9.64
2023-10-29,2290.43,2013.6,3.72,-11.61
2023-10-30,1640.08,1524.72,4.4,-8.89
2023-10-31,1672.07,1355.9,4.22,-12.08
2023-11-01,1807.68,1629.72,4.32,-7.31
2023-11-02,2407.2,2054.14,4.65,-6.36
2023-11-03,1818.45,1610.57,4.82,-8.28
2023-11-04,2417.8,2230.89,2.23,-9.46
2023-11-05,2023.87,1819.91,4.52,-6.82
2023-11-06,1705.86,1470.9,3.57,-7.33
2023-11-07,1961.29,1636.91,1.3,-6.61
2023-11-08,1775.95,1444.64,6.81,-9.02
2023-11-09,1802.99,1702.44,2.48,-7.77
2023-11-10,2411.44,2132.86,1.03,-8.04
2023-11-11,2325.26,2026.62,3.42,-9.2
2023-11-12,1790.81,1455.87,0.0,-7.05
2023-11-13,2076.85,1972.76,5.39,-8.59
2023-11-14,1707.13,1438.73,2.41,-7.89
2023-11-15,1895.84,1548.76,4.54,-7.25
2023-11-16,2274.48,1917.59,2.5,-8.79
2023-11-17,1901.15,1803.04,6.35,-7.75
2023-11-18,1853.91,1570.98,4.24,-11.17
2023-11-19,2184.13,2054.85,3.75,-7.18
2023-11-20,2106.51,1781.11,5.55,-7.39
2023-11-21,1510.4,1314.21,1.19,-8.22
2023-11-22,1912.21,1561.48,1.62,-7.55
2023-11-23,1942.93,1680.61,0.01,-6.95
2023-11-24,2241.28,1899.42,0.0,-8.4
2023-11-25,1671.13,1395.96,2.86,-7.75
2023-11-26,2556.02,2415.1,3.89,-7.57
2023-11-27,2182.62,1810.67,1.89,-6.93
2023-11-28,1678.05,1364.84,4.37,-7.74
2023-11-29,2252.69,2107.65,3.05,-7.99
2023-11-30,1690.96,1598.3,0.84,-7.21
2023-12-01,967.32,860.77,0.0,0.09
2023-12-02,930.88,833.22,0.87,-1.25
2023-12-03,826.81,710.17,0.75,-0.69
2023-12-04,986.55,801.51,0.5,-0.41
2023-12-05,917.12,851.44,1.42,-2.33
2023-12-06,1229.07,1032.22,0.97,-1.67
2023-12-07,1122.64,952.28,1.02,-0.32
2023-12-08,1286.69,1127.78,0.0,-1.4
2023-12-09,1531.49,1438.84,0.43,-1.17
2023-12-10,698.44,579.66,0.0,-1.42
2023-12-11,1326.76,1113.65,0.22,-0.58
2023-12-12,1389.88,1315.77,0.0,-1.53
2023-12-13,1149.51,969.94,0.0,-1.42
2023-12-14,1018.44,877.68,0.67,-0.23
2023-12-15,1379.99,1231.41,0.0,-1.1
2023-12-16,1179.43,1056.44,1.57,0.01
2023-12-17,1142.84,987.49,0.28,-2.98
2023-12-18,1232.77,1043.55,0.49,0.59
2023-12-19,1373.38,1237.35,0.7,-0.91
2023-12-20,1153.21,962.13,0.07,-0.61
2023-12-21,1257.54,1090.3,1.81,-0.38
2023-12-22,767.29,723.86,1.45,0.04
2023-12-23,703.92,663.84,1.1,-2.37
2023-12-24,1541.82,1342.34,1.63,-2.21
2023-12-25,1407.72,1138.99,0.0,0.21
2023-12-26,738.58,682.59,1.77,-1.41
2023-12-27,1341.35,1261.17,0.0,-0.7
2023-12-28,1372.26,1194.69,0.0,-2.76
2023-12-29,1243.22,1167.73,0.39,0.8
2023-12-30,1514.72,1352.99,0.3,-0.33
2023-12-31,1426.15,1215.93,1.0,-0.39
2024-01-01,736.35,678.09,0.0,7.22
2024-01-02,1085.91,950.87,0.01,7.62
2024-01-03,1435.43,1309.33,0.32,7.36
2024-01-04,1628.88,1537.56,0.67,8.46
2024-01-05,1625.24,1540.15,0.04,7.99
2024-01-06,1036.09,932.49,0.22,8.65
2024-01-07,893.03,826.42,0.0,10.14
2024-01-08,1208.69,1064.44,0.0,9.13
2024-01-09,1462.24,1202.82,1.81,6.82
2024-01-10,1256.84,1143.01,1.01,9.05
2024-01-11,1290.99,1126.48,1.12,8.05
2024-01-12,1038.62,955.94,0.48,8.4
2024-01-13,1236.96,1134.02,2.11,8.23
2024-01-14,1368.28,1101.66,0.0,6.78
2024-01-15,1297.85,1122.47,0.12,6.88
2024-01-16,1132.96,991.97,0.65,8.3
2024-01-17,981.4,893.81,1.17,10.04
2024-01-18,1591.88,1376.84,0.0,10.19
2024-01-19,1241.57,1009.24,0.0,8.95
2024-01-20,1111.53,948.7,0.81,9.16
2024-01-21,1379.95,1117.82,0.0,8.69
2024-01-22,1246.53,1131.91,1.28,7.83
2024-01-23,1492.16,1396.98,0.56,6.62
2024-01-24,1464.88,1371.31,1.91,8.09
2024-01-25,1037.94,905.39,0.32,8.97
2024-01-26,1257.9,1067.55,0.24,7.92
2024-01-27,1343.45,1107.44,2.1,7.54
2024-01-28,1728.98,1608.0,0.42,9.49
2024-01-29,1577.91,1325.0,0.78,7.53
2024-01-30,1337.85,1221.55,0.74,7.7
2024-01-31,934.5,762.17,1.57,8.58
2024-02-01,1496.6,1313.64,0.05,15.07
2024-02-02,1200.7,1034.57,1.78,17.56
2024-02-03,1661.95,1506.84,1.25,15.32
2024-02-04,1226.12,1144.0,0.41,15.38
2024-02-05,1644.62,1339.58,0.0,17.25
2024-02-06,1296.96,1135.12,0.0,17.66
2024-02-07,1178.09,1080.32,0.0,16.27
2024-02-08,1481.38,1269.53,0.63,17.75
2024-02-09,1924.35,1701.1,0.54,18.28
2024-02-10,415.29,365.98,0.86,16.53
2024-02-11,1389.93,1306.35,0.1,16.85
2024-02-12,1427.16,1165.84,0.55,15.88
2024-02-13,1158.95,993.77,0.0,16.79
2024-02-14,1655.94,1451.21,0.07,16.24
2024-02-15,1382.91,1223.69,0.0,17.29
2024-02-16,1335.0,1128.53,0.07,16.62
2024-02-17,1273.76,1020.79,0.99,16.41
2024-02-18,1281.26,1115.99,0.0,17.55
2024-02-19,1543.43,1387.99,0.74,18.28
2024-02-20,1233.92,995.85,0.0,17.27
2024-02-21,1514.18,1248.35,0.82,17.36
2024-02-22,1379.95,1291.07,0.33,17.38
2024-02-23,1438.99,1162.09,0.0,15.38
2024-02-24,1207.52,966.09,0.95,15.97
2024-02-25,1188.01,1036.81,0.0,15.63
2024-02-26,1023.38,822.3,0.58,17.33
2024-02-27,1555.71,1314.92,0.35,17.21
2024-02-28,1216.51,982.99,1.53,18.95
2024-02-29,1384.59,1150.83,0.0,20.09
2024-03-01,2912.08,2697.66,2.23,23.53
2024-03-02,2646.45,2159.29,2.4,22.34
2024-03-03,2789.41,2499.05,0.0,23.38
2024-03-04,2721.69,2289.5,0.0,24.56
2024-03-05,2529.47,2161.14,0.0,23.85
2024-03-06,2842.88,2463.1,1.36,22.03
2024-03-07,3933.4,3261.06,1.22,23.77
2024-03-08,3079.03,2550.58,0.33,22.18
2024-03-09,2945.64,2459.93,0.0,23.86
2024-03-10,2982.93,2808.75,6.2,25.19
2024-03-11,2457.92,2065.06,7.63,21.2
2024-03-12,2149.78,1947.7,0.0,23.42
2024-03-13,2977.3,2624.99,1.99,22.99
2024-03-14,3004.05,2847.06,0.7,23.97
2024-03-15,3078.15,2854.8,5.83,21.41
2024-03-16,1878.32,1641.62,1.28,22.3
2024-03-17,2931.43,2623.6,2.58,24.26
2024-03-18,2887.59,2362.46,0.32,23.64
2024-03-19,2471.66,2010.4,5.12,21.88
2024-03-20,2300.07,2180.62,1.47,25.42
2024-03-21,3039.36,2876.39,0.7,23.31
2024-03-22,2561.24,2298.66,0.0,21.82
2024-03-23,2916.4,2442.44,2.63,24.25
2024-03-24,2873.72,2545.72,1.16,21.87
2024-03-25,2318.88,2192.73,3.32,22.48
2024-03-26,2943.34,2541.95,0.0,21.97
2024-03-27,2659.49,2344.37,1.88,24.9
2024-03-28,2431.42,1976.47,0.87,22.7
2024-03-29,3051.04,2631.12,0.19,25.16
2024-03-30,1910.57,1557.29,0.96,24.67
2024-03-31,2296.63,1995.81,0.0,24.55
2024-04-01,2573.32,2067.55,0.8,25.84
2024-04-02,2887.03,2364.8,0.5,25.07
2024-04-03,2545.78,2087.87,2.42,24.64
2024-04-04,3291.12,2759.29,2.98,27.77
2024-04-05,2473.04,2177.41,2.64,24.35
2024-04-06,2621.12,2489.63,3.96,26.27
2024-04-07,2208.49,1841.4,5.34,25.86
2024-04-08,2124.36,1816.84,3.43,25.77
2024-04-09,2240.37,2073.45,0.0,27.19
2024-04-10,3428.86,2762.82,4.04,25.47
2024-04-11,2815.02,2420.18,4.18,28.09
2024-04-12,2785.84,2286.44,0.0,25.33
2024-04-13,2729.55,2348.9,0.0,25.22
2024-04-14,3509.08,3232.29,2.2,26.47
2024-04-15,2706.03,2301.55,0.21,27.09
2024-04-16,2883.78,2596.31,1.2,26.49
2024-04-17,3300.91,2702.67,2.32,26.16
2024-04-18,2375.0,2016.47,1.77,26.61
2024-04-19,3068.96,2840.44,2.33,26.25
2024-04-20,2441.1,2040.47,0.87,26.85
2024-04-21,2841.17,2511.74,0.0,25.16
2024-04-22,3328.87,2936.53,4.71,27.79
2024-04-23,2271.65,1846.16,3.54,25.71
2024-04-24,2638.5,2388.35,4.48,26.0
2024-04-25,2559.55,2203.0,4.33,24.76
2024-04-26,2629.32,2493.6,2.27,25.35
2024-04-27,2513.37,2323.48,3.62,26.26
2024-04-28,2847.03,2476.14,5.47,25.02
2024-04-29,2474.98,2050.01,6.21,29.24
2024-04-30,3158.08,2840.91,3.21,26.8
2024-05-01,2935.18,2568.42,0.82,23.48
2024-05-02,2648.69,2415.46,0.0,23.73
2024-05-03,3461.32,3244.98,3.25,24.6
2024-05-04,3284.95,2960.62,2.19,22.55
2024-05-05,3436.16,3017.91,0.86,24.09
2024-05-06,3101.49,2563.39,3.88,22.37
2024-05-07,3145.41,2667.39,2.34,22.56
2024-05-08,3023.73,2514.78,0.0,24.73
2024-05-09,2423.18,2266.37,0.9,22.15
2024-05-10,2568.26,2341.39,0.0,23.04
2024-05-11,2776.51,2579.81,2.89,22.41
2024-05-12,2890.51,2594.49,2.28,25.55
2024-05-13,2741.06,2563.38,3.93,23.51
2024-05-14,3463.58,3281.88,0.0,24.56
2024-05-15,2672.9,2269.27,2.23,23.04
2024-05-16,2861.47,2431.97,1.91,23.17
2024-05-17,2146.43,1770.18,1.15,23.74
2024-05-18,3585.23,3186.45,0.77,22.56
2024-05-19,3128.09,2838.58,3.63,23.31
2024-05-20,3621.26,3234.58,1.29,23.7
2024-05-21,2800.79,2390.83,5.07,24.45
2024-05-22,2262.61,1926.27,3.5,23.98
2024-05-23,2936.49,2738.05,5.0,25.35
2024-05-24,3914.42,3697.97,5.08,24.07
2024-05-25,2819.73,2515.86,3.44,22.68
2024-05-26,2784.29,2357.61,3.52,24.41
2024-05-27,3146.87,2551.65,1.01,23.25
2024-05-28,3013.82,2717.61,3.33,23.73
2024-05-29,3482.93,2966.05,0.46,24.33
2024-05-30,3312.13,2665.14,1.11,23.45
2024-05-31,3419.46,3011.2,2.64,22.29
2024-06-01,4171.39,3934.12,7.41,16.91
2024-06-02,4632.13,4090.67,11.76,17.4
2024-06-03,4622.7,4074.26,16.22,16.88
2024-06-04,3928.33,3143.13,12.52,17.71
2024-06-05,4614.0,3745.66,15.75,15.9
2024-06-06,3933.29,3580.84,14.1,16.66
2024-06-07,3564.01,3247.69,4.96,17.35
2024-06-08,5020.48,4135.58,4.41,16.24
2024-06-09,4692.73,4280.98,2.79,16.55
2024-06-10,4775.98,4459.68,9.94,17.46
2024-06-11,3883.71,3522.52,10.78,16.23
2024-06-12,5085.91,4284.27,20.99,16.18
2024-06-13,4373.54,3963.81,12.19,18.82
2024-06-14,4098.9,3484.61,5.12,17.03
2024-06-15,4510.86,3629.55,0.0,18.16
2024-06-16,4491.72,3823.75,16.1,18.33
2024-06-17,5604.59,5032.02,9.82,15.57
2024-06-18,4113.49,3314.12,6.78,16.28
2024-06-19,4327.71,4016.91,13.9,16.43
2024-06-20,4420.73,3689.05,6.49,15.32
2024-06-21,4554.21,3903.74,0.36,17.89
2024-06-22,5289.72,4590.13,8.33,17.71
2024-06-23,3538.84,3296.38,3.94,16.6
2024-06-24,4421.49,3938.9,4.74,16.07
2024-06-25,5263.71,4557.99,13.17,18.05
2024-06-26,4469.45,4125.8,7.51,18.12
2024-06-27,4693.63,3764.51,5.76,16.98
2024-06-28,5041.5,4630.81,5.54,16.96
2024-06-29,3554.14,2966.65,1.22,15.42
2024-06-30,4350.59,3516.58,9.85,15.52
2024-07-01,5011.26,4015.36,4.42,6.63
2024-07-02,5645.96,5070.44,23.2,9.58
2024-07-03,3893.97,3633.75,24.96,6.14
2024-07-04,4261.72,3611.77,4.17,6.91
2024-07-05,4344.89,3763.67,20.53,8.02
2024-07-06,5099.65,4619.82,11.81,6.3
2024-07-07,4466.51,3721.37,13.16,8.96
2024-07-08,4914.66,3964.27,8.21,7.54
2024-07-09,5142.22,4432.27,18.26,7.98
2024-07-10,4184.3,3348.91,12.32,8.79
2024-07-11,3940.62,3573.39,22.6,6.94
2024-07-12,4197.55,3875.47,14.99,8.51
2024-07-13,5203.19,4257.68,4.65,7.16
2024-07-14,5818.94,4968.8,13.81,5.77
2024-07-15,4298.81,3544.75,16.55,8.27
2024-07-16,3998.28,3573.43,10.01,8.27
2024-07-17,4570.46,3695.54,12.91,7.36
2024-07-18,4536.67,4084.83,17.81,7.72
2024-07-19,4632.14,4031.2,7.35,7.61
2024-07-20,4298.36,3615.92,12.51,7.92
2024-07-21,4271.95,3998.02,5.76,8.42
2024-07-22,3895.4,3654.89,12.34,8.81
2024-07-23,4950.35,4116.97,6.49,8.64
2024-07-24,3979.9,3445.8,16.19,8.67
2024-07-25,4832.51,4473.91,20.58,7.77
2024-07-26,3904.54,3284.12,16.07,7.28
2024-07-27,4325.35,3755.7,6.78,7.32
2024-07-28,4979.41,4055.05,18.77,8.13
2024-07-29,4888.99,4099.93,19.81,7.31
2024-07-30,4465.78,4134.91,12.17,10.07
2024-07-31,4106.85,3761.2,16.14,6.91
2024-08-01,5662.35,4917.46,8.83,-1.01
2024-08-02,4987.86,4297.42,14.42,-0.54
2024-08-03,4254.22,3930.61,3.52,-0.86
2024-08-04,3726.29,3339.99,8.77,0.12
2024-08-05,4278.37,3932.49,10.27,-1.28
2024-08-06,4254.49,4024.56,9.59,-0.07
2024-08-07,4037.06,3658.09,11.32,-0.03
2024-08-08,4811.95,4018.81,2.07,-2.03
2024-08-09,5889.98,5270.16,5.77,-1.01
2024-08-10,4328.65,3833.45,8.4,-2.96
2024-08-11,3509.02,3192.89,3.0,-0.09
2024-08-12,4753.21,4219.8,15.75,-2.43
2024-08-13,4376.83,3707.47,0.0,-1.37
2024-08-14,4269.92,3839.13,13.89,-1.68
2024-08-15,4414.16,3919.24,18.59,-0.97
2024-08-16,4715.67,4186.17,10.46,-2.34
2024-08-17,4242.41,3903.77,11.24,-2.27
2024-08-18,4719.33,4320.84,22.21,-1.04
2024-08-19,3529.07,3338.72,11.98,-1.97
2024-08-20,5363.78,4485.87,17.84,-1.92
2024-08-21,4558.42,3845.01,4.29,-1.88
2024-08-22,4648.28,3718.79,4.25,-0.08
2024-08-23,4317.16,3957.78,15.03,-0.64
2024-08-24,4541.46,3676.45,20.89,-2.03
2024-08-25,4719.74,4157.37,11.41,-1.65
2024-08-26,4317.95,3696.55,17.8,0.36
2024-08-27,4745.72,4025.04,10.63,-0.77
2024-08-28,3675.51,3152.65,15.43,-1.86
2024-08-29,5176.4,4888.68,9.2,-1.22
2024-08-30,3991.74,3410.85,0.0,-1.36
2024-08-31,4567.6,3952.94,10.04,-0.48
2024-09-01,4250.19,3590.43,11.62,-6.17
2024-09-02,3808.33,3181.48,17.41,-8.03
2024-09-03,4202.29,3591.79,12.2,-6.85
2024-09-04,4363.58,3710.14,17.82,-8.11
2024-09-05,3877.48,3270.41,18.85,-8.77
2024-09-06,4150.87,3439.8,12.75,-6.93
2024-09-07,4430.37,3713.81,21.08,-8.72
2024-09-08,4075.14,3366.48,9.1,-9.66
2024-09-09,4996.67,4232.2,29.17,-7.29
2024-09-10,5018.59,4670.76,6.54,-7.87
2024-09-11,4876.7,3993.39,0.0,-6.83
2024-09-12,4851.57,4028.98,26.99,-6.18
2024-09-13,4385.95,3869.3,6.88,-7.4
2024-09-14,4979.0,4453.05,15.98,-7.12
2024-09-15,4109.52,3700.26,1.53,-8.51
2024-09-16,4719.29,4421.88,3.78,-8.86
2024-09-17,5393.3,5108.29,9.5,-6.98
2024-09-18,5134.29,4173.36,14.95,-7.02
2024-09-19,4151.99,3755.08,19.83,-9.17
2024-09-20,4119.21,3338.4,10.16,-7.0
2024-09-21,5770.2,4981.8,12.41,-5.89
2024-09-22,4325.92,3678.48,11.55,-6.69
2024-09-23,3629.82,2913.63,10.82,-6.42
2024-09-24,4509.8,4263.64,7.19,-8.04
2024-09-25,4601.11,4261.62,15.46,-8.25
2024-09-26,5270.22,4238.58,19.53,-7.1
2024-09-27,4775.67,3974.44,17.27,-8.6
2024-09-28,4241.69,3659.59,5.86,-10.84
2024-09-29,5097.73,4306.56,2.68,-6.02
2024-09-30,4695.6,4360.64,15.49,-8.69
2024-10-01,1995.51,1728.48,1.04,-9.35
2024-10-02,1967.56,1793.73,5.22,-8.78
2024-10-03,2144.0,1863.93,5.84,-10.34
2024-10-04,1993.44,1733.09,4.41,-9.42
2024-10-05,2154.88,1875.1,0.41,-9.78
2024-10-06,2642.9,2443.38,2.06,-11.38
2024-10-07,2066.27,1817.55,0.7,-10.96
2024-10-08,1913.63,1597.9,3.49,-8.95
2024-10-09,1144.12,1050.85,2.38,-8.46
2024-10-10,1736.0,1429.51,3.54,-12.03
2024-10-11,1627.33,1396.6,4.03,-8.45
2024-10-12,1848.71,1638.56,1.78,-9.48
2024-10-13,1197.29,1110.95,3.98,-11.0
2024-10-14,1982.1,1875.72,0.0,-9.03
2024-10-15,1489.95,1211.99,3.41,-10.79
2024-10-16,2204.52,1958.63,4.93,-8.87
2024-10-17,1952.77,1835.08,3.0,-9.4
2024-10-18,2326.86,2020.12,7.73,-9.94
2024-10-19,1513.26,1433.2,1.17,-12.13
2024-10-20,1803.64,1479.03,0.0,-8.49
2024-10-21,2123.2,1779.34,3.47,-11.14
2024-10-22,1881.99,1538.58,1.48,-10.28
2024-10-23,1898.28,1764.19,1.66,-9.86
2024-10-24,1880.87,1685.46,2.92,-11.58
2024-10-25,1822.61,1571.88,4.19,-11.14
2024-10-26,2165.87,1916.28,1.13,-9.34
2024-10-27,2325.45,2014.38,3.69,-10.69
2024-10-28,1619.21,1527.76,6.07,-9.77
2024-10-29,1974.48,1817.57,2.45,-9.52
2024-10-30,2259.27,1907.37,0.0,-10.45
2024-10-31,1481.27,1341.64,3.21,-10.09
2024-11-01,2072.26,1860.99,1.67,-7.44
2024-11-02,1974.59,1806.48,3.32,-7.28
2024-11-03,2009.14,1677.11,1.21,-7.11
2024-11-04,1853.05,1743.32,2.81,-8.7
2024-11-05,2004.84,1655.04,3.29,-8.32
2024-11-06,1466.95,1387.49,0.78,-8.55
2024-11-07,2141.94,1713.69,1.59,-6.81
2024-11-08,2053.73,1843.74,1.26,-8.18
2024-11-09,2299.12,1949.42,5.25,-7.67
2024-11-10,2239.88,1934.49,2.67,-6.4
2024-11-11,1925.19,1695.35,0.67,-7.63
2024-11-12,1881.94,1684.85,4.37,-6.52
2024-11-13,2430.29,2141.57,3.57,-8.42
2024-11-14,1879.38,1751.05,2.85,-6.59
2024-11-15,2523.38,2323.12,4.72,-8.65
2024-11-16,2498.33,2138.69,5.82,-7.52
2024-11-17,1757.72,1647.32,2.55,-7.33
2024-11-18,1789.47,1613.99,0.0,-9.17
2024-11-19,2044.19,1872.08,1.64,-7.97
2024-11-20,2113.98,1970.82,3.58,-6.85
2024-11-21,2880.62,2701.61,0.94,-7.71
2024-11-22,2275.92,1953.12,1.57,-9.1
2024-11-23,1699.61,1579.2,1.16,-7.38
2024-11-24,1851.41,1498.22,2.03,-8.61
2024-11-25,2268.27,2115.73,1.47,-7.79
2024-11-26,1548.17,1415.68,5.14,-7.67
2024-11-27,2619.27,2428.33,3.32,-7.59
2024-11-28,1996.51,1759.77,3.48,-7.18
2024-11-29,1362.8,1196.65,3.83,-8.54
2024-11-30,2543.45,2093.77,4.44,-7.16
2024-12-01,745.6,673.37,0.0,-0.27
2024-12-02,974.82,913.07,0.33,-0.01
2024-12-03,1600.48,1285.28,0.51,-2.52
2024-12-04,1478.56,1335.16,0.16,-0.29
2024-12-05,1025.27,825.57,1.05,-2.62
2024-12-06,1125.54,977.59,0.93,-0.45
2024-12-07,1684.79,1556.87,1.76,-2.64
2024-12-08,1163.05,1008.79,0.71,-2.7
2024-12-09,1084.01,984.05,0.4,-1.62
2024-12-10,1153.59,1023.91,0.0,-1.46
2024-12-11,1090.65,960.4,0.0,-1.47
2024-12-12,1199.0,1033.31,0.36,0.0
2024-12-13,1299.41,1147.54,0.07,0.77
2024-12-14,1425.5,1313.75,0.06,-1.72
2024-12-15,926.11,749.24,0.49,-1.86
2024-12-16,1194.23,981.15,0.73,0.83
2024-12-17,1396.49,1187.77,0.0,-2.72
2024-12-18,1499.6,1241.98,0.44,-1.12
2024-12-19,1767.77,1484.17,0.0,-0.99
2024-12-20,1223.11,1086.64,0.85,-0.9
2024-12-21,1932.48,1814.96,0.0,-1.51
2024-12-22,1538.19,1346.94,0.0,-1.87
2024-12-23,1305.58,1057.74,1.85,-0.15
2024-12-24,1455.31,1257.37,1.28,-2.25
2024-12-25,1783.34,1662.97,0.71,-2.98
2024-12-26,1288.62,1106.0,0.0,-0.29
2024-12-27,1402.27,1206.75,1.03,-1.6
2024-12-28,1001.37,912.74,0.0,-1.55
2024-12-29,1224.79,1050.72,0.0,-1.05
2024-12-30,1352.56,1167.01,1.85,0.55
2024-12-31,1141.68,1001.81,0.42,-2.19
