Date,Avg_rainfall,Full_reservoir_level,Live_capacity_FRL,Storage,Level,Storage_shift,delta_storage,predicted_inflow,estimated_outflow
2024-01-01,0.0,0.0,0.0,0.6624846686078628,0.7715937838814568,0.6624846686078628,0.0,0.0,0.0
2024-01-01,0.0,0.0,0.0,0.6624846686078628,0.7715937838814568,0.6624846686078628,0.0,0.0,0.0
2024-01-01,0.0,0.0,0.0,0.6624846686078628,0.7715937838814568,0.6624846686078628,0.0,0.0,0.0
2024-01-01,0.0,0.0,0.0,0.6624846686078628,0.7715937838814568,0.6624846686078628,0.0,0.0,0.0
2024-01-01,0.0,0.0,0.0,0.6624846686078628,0.7715937838814568,0.6624846686078628,0.0,0.0,0.0
2024-01-01,0.0,0.0,0.0,0.6624846686078628,0.7715937838814568,0.6624846686078628,0.0,0.0,0.0
2024-01-01,0.0,0.0,0.0,0.6624846686078628,0.7715937838814568,0.6624846686078628,0.0,0.0,0.0
2024-01-01,0.0,0.0,0.0,0.6624846686078628,0.7715937838814568,0.6624846686078628,0.0,0.0,0.0
2024-01-01,0.0,0.0,0.0,0.6624846686078628,0.7715937838814568,0.6624846686078628,0.0,0.0,0.0
2024-01-02,0.0,0.0,0.0,0.6559214283707998,0.7658113480303541,0.6624846686078628,-0.006563240237063006,0.0,0.006563240237063006
2024-01-02,0.0,0.0,0.0,0.6559214283707998,0.7658113480303541,0.6559214283707998,0.0,0.0,0.0
2024-01-02,0.0,0.0,0.0,0.6559214283707998,0.7658113480303541,0.6559214283707998,0.0,0.0,0.0
2024-01-02,0.0,0.0,0.0,0.6559214283707998,0.7658113480303541,0.6559214283707998,0.0,0.0,0.0
2024-01-02,0.0,0.0,0.0,0.6559214283707998,0.7658113480303541,0.6559214283707998,0.0,0.0,0.0
2024-01-02,0.0,0.0,0.0,0.6559214283707998,0.7658113480303541,0.6559214283707998,0.0,0.0,0.0
2024-01-02,0.0,0.0,0.0,0.6559214283707998,0.7658113480303541,0.6559214283707998,0.0,0.0,0.0
2024-01-02,0.0,0.0,0.0,0.6559214283707998,0.7658113480303541,0.6559214283707998,0.0,0.0,0.0
2024-01-02,0.0,0.0,0.0,0.6559214283707998,0.7658113480303541,0.6559214283707998,0.0,0.0,0.0
2024-01-02,0.0,0.0,0.0,0.6559214283707998,0.7658113480303541,0.6559214283707998,0.0,0.0,0.0
2024-01-03,0.0,0.0,0.0,0.6492364732648609,0.7596675099385592,0.6559214283707998,-0.006684955105938917,0.0,0.006684955105938917
2024-01-03,0.0,0.0,0.0,0.6492364732648609,0.7596675099385592,0.6492364732648609,0.0,0.0,0.0
2024-01-03,0.0,0.0,0.0,0.6492364732648609,0.7596675099385592,0.6492364732648609,0.0,0.0,0.0
2024-01-03,0.0,0.0,0.0,0.6492364732648609,0.7596675099385592,0.6492364732648609,0.0,0.0,0.0
2024-01-03,0.0,0.0,0.0,0.6492364732648609,0.7596675099385592,0.6492364732648609,0.0,0.0,0.0
2024-01-03,0.0,0.0,0.0,0.6492364732648609,0.7596675099385592,0.6492364732648609,0.0,0.0,0.0
2024-01-03,0.0,0.0,0.0,0.6492364732648609,0.7596675099385592,0.6492364732648609,0.0,0.0,0.0
2024-01-03,0.0,0.0,0.0,0.6492364732648609,0.7596675099385592,0.6492364732648609,0.0,0.0,0.0
2024-01-03,0.0,0.0,0.0,0.6492364732648609,0.7596675099385592,0.6492364732648609,0.0,0.0,0.0
2024-01-03,0.0,0.0,0.0,0.6492364732648609,0.7596675099385592,0.6492364732648609,0.0,0.0,0.0
2024-01-04,0.0,0.0,0.0,0.6441306905602316,0.7549692808095401,0.6492364732648609,-0.005105782704629247,0.0,0.005105782704629247
2024-01-05,0.0,0.0,0.0,0.6385380483800999,0.7499096494398252,0.6441306905602316,-0.005592642180131779,0.00015513964440533047,0.00574778182453711
2024-01-06,0.0,0.0,0.0,0.6324616676185394,0.7444886158294146,0.6385380483800999,-0.006076380761560474,0.0,0.006076380761560474
2024-01-07,0.0,0.0,0.0,0.6260201422503519,0.7387061799783119,0.6324616676185394,-0.0064415253681875395,0.002384425490214357,0.008825950858401897
2024-01-08,0.0,0.0,0.0,0.6198220466199157,0.7329237441272092,0.6260201422503519,-0.006198095630436162,0.003530449003030346,0.009728544633466509
2024-01-09,0.0,0.0,0.0,0.6136208300954057,0.7275027105168022,0.6198220466199157,-0.00620121652451,0.0,0.00620121652451
2024-01-10,0.0,0.0,0.0,0.6074227344649695,0.7217202746656994,0.6136208300954057,-0.006198095630436162,0.0,0.006198095630436162
2024-01-11,0.0,0.0,0.0,0.6017083774159621,0.7166606432959846,0.6074227344649695,-0.005714357049007468,0.0,0.005714357049007468
2024-01-12,0.0,0.0,0.0,0.5952668520477747,0.7108782074448854,0.6017083774159621,-0.0064415253681873175,0.0,0.0064415253681873175
2024-01-13,0.0,0.0,0.0,0.5888253266795872,0.7050957715937827,0.5952668520477747,-0.0064415253681875395,0.0,0.0064415253681875395
2024-01-14,0.0,0.0,0.0,0.5826241101550772,0.69931333574268,0.5888253266795872,-0.00620121652451,0.0,0.00620121652451
2024-01-15,0.0,0.0,0.0,0.5748468421233315,0.6924466931694937,0.5826241101550772,-0.007777268031745721,0.022763302030765806,0.030540570062511527
2024-01-16,0.0,0.0,0.0,1.0,0.6852186483556153,0.5748468421233315,0.4251531578766685,0.26736108120254376,0.15779207667412476
2024-01-17,0.0,0.0,0.0,0.5598946386160708,0.6787134080231283,1.0,-0.4401053613839292,0.0,0.4401053613839292
2024-01-18,0.0,0.0,0.0,0.5523608003220764,0.671846765449942,0.5598946386160708,-0.007533838293994455,0.0,0.007533838293994455
2024-01-19,0.0,0.0,0.0,0.5445804113962569,0.6649801228767593,0.5523608003220764,-0.007780388925819448,0.0,0.007780388925819448
2024-01-20,0.0,0.0,0.0,0.5355859946757547,0.656667871340801,0.5445804113962569,-0.008994416720502163,0.0,0.008994416720502163
2024-01-21,0.0,0.0,0.0,0.5271252508418612,0.648355619804839,0.5355859946757547,-0.008460743833893503,0.0,0.008460743833893503
2024-01-22,0.0,0.0,0.0,0.5190452560849633,0.6400433682688806,0.5271252508418612,-0.008079994756897912,0.0,0.008079994756897912
2024-01-23,0.0,0.0,0.0,0.5121293548175683,0.6328153234550022,0.5190452560849633,-0.006915901267395053,0.0,0.006915901267395053
2024-01-24,0.0,0.0,0.0,0.5043895375147072,0.6248644741597396,0.5121293548175683,-0.007739817302861107,0.0,0.007739817302861107
2024-01-25,0.0,0.0,0.0,0.4968182484918279,0.6169136248644733,0.5043895375147072,-0.007571289022879291,0.0,0.007571289022879291
2024-01-26,0.0,0.0,0.0,0.4893780370200455,0.6093241778098992,0.4968182484918279,-0.007440211471782365,7.213946651441122e-05,0.007512350938296776
2024-01-27,0.0,0.0,0.0,0.4822499149556365,0.6017347307553287,0.4893780370200455,-0.007128122064408993,0.0,0.007128122064408993
2024-01-28,0.0,0.0,0.0,0.4743821409957525,0.5937838814600624,0.4822499149556365,-0.007867773959884028,0.0,0.007867773959884028
2024-01-29,0.0,0.0,0.0,0.4665174879299423,0.5854716299241041,0.4743821409957525,-0.00786465306581019,0.0,0.00786465306581019
2024-01-30,0.0,0.0,0.0,0.4590710346700123,0.5778821828695335,0.4665174879299423,-0.007446453259929986,0.0,0.007446453259929986
2024-01-31,0.0,0.0,0.0,0.4514154815071421,0.5699313335742637,0.4590710346700123,-0.007655553162870199,0.0,0.007655553162870199
2024-02-01,0.0,0.0,0.0,0.4442904803368068,0.5627032887603889,0.4514154815071421,-0.007125001170335321,0.0,0.007125001170335321
2024-02-02,0.0,0.0,0.0,0.4394000393232653,0.557643657390674,0.4442904803368068,-0.004890441013541469,0.0,0.004890441013541469
2024-02-03,0.0,0.0,0.0,0.4345095983097239,0.5525840260209591,0.4394000393232653,-0.004890441013541413,0.0,0.004890441013541413
2024-02-04,0.0,0.0,0.0,0.4286579219214721,0.5464401879291643,0.4345095983097239,-0.005851676388251792,0.0006046264133748908,0.006456302801626682
2024-02-05,0.0,0.0,0.0,0.4237706018020042,0.5413805565594494,0.4286579219214721,-0.004887320119467908,0.0,0.004887320119467908
2024-02-06,0.0,0.0,0.0,0.4194075918869238,0.5366823274304267,0.4237706018020042,-0.004363009915080429,0.0,0.004363009915080429
2024-02-07,0.0,0.0,0.0,0.4151569341584977,0.5323455005421032,0.4194075918869238,-0.004250657728426088,0.0,0.004250657728426088
2024-02-08,0.0,0.0,0.0,0.410584824340477,0.5276472714130804,0.4151569341584977,-0.004572109818020698,0.0,0.004572109818020698
2024-02-09,0.0,0.0,0.0,0.4039903751626766,0.5207806288398942,0.410584824340477,-0.006594449177800388,0.0,0.006594449177800388
2024-02-10,0.0,0.0,0.0,0.3973959259848761,0.5139139862667115,0.4039903751626766,-0.006594449177800499,0.0,0.006594449177800499
2024-02-11,0.0,0.0,0.0,0.3902740457086147,0.5066859414528331,0.3973959259848761,-0.0071218802762614275,0.0,0.0071218802762614275
2024-02-12,0.0,0.0,0.0,0.38325827583086,0.4994578966389582,0.3902740457086147,-0.007015769877754707,0.00028812094088706444,0.007303890818641772
2024-02-13,0.0,0.0,0.0,0.3758118225709301,0.491507047343692,0.38325827583086,-0.007446453259929875,0.0,0.007446453259929875
2024-02-14,0.0,0.0,0.0,0.3679440486110461,0.4835561980484257,0.3758118225709301,-0.007867773959883972,0.0,0.007867773959883972
2024-02-15,0.0,0.0,0.0,0.3596518330571342,0.4748825442717717,0.3679440486110461,-0.008292215553911908,0.0,0.008292215553911908
2024-02-16,0.0,0.0,0.0,0.3509320550151207,0.4658474882544254,0.3596518330571342,-0.008719778042013515,0.0,0.008719778042013515
2024-02-17,0.0,0.0,0.0,0.3424213768760474,0.4571738344777714,0.3509320550151207,-0.008510678139073302,0.0,0.008510678139073302
2024-02-18,0.0,0.0,0.0,0.3327466052474713,0.4470545717383416,0.3424213768760474,-0.009674771628576107,0.0,0.009674771628576107
2024-02-19,0.0,0.0,0.0,0.3241329376039648,0.4380195157209954,0.3327466052474713,-0.008613667643506517,0.0,0.008613667643506517
2024-02-20,0.0,0.0,0.0,0.3157470952278408,0.4286230574629535,0.3241329376039648,-0.008385842376123998,0.0,0.008385842376123998
2024-02-21,0.0,0.0,0.0,0.3089248207826579,0.4203108059269951,0.3157470952278408,-0.006822274445182852,0.0,0.006822274445182852
2024-02-22,0.0,0.0,0.0,0.3023678223337422,0.4123599566317288,0.3089248207826579,-0.0065569984489157185,0.0,0.0065569984489157185
2024-02-23,0.0,0.0,0.0,0.2953645360322826,0.4036863028550748,0.3023678223337422,-0.0070032863014596325,0.0,0.0070032863014596325
2024-02-24,0.0,0.0,0.0,0.2882707438026846,0.3950126490784242,0.2953645360322826,-0.007093792229597995,0.0,0.007093792229597995
2024-02-25,0.0,0.0,0.0,0.2809054337886718,0.3859775930610745,0.2882707438026846,-0.007365310014012805,0.0,0.007365310014012805
2024-02-26,0.0,0.0,0.0,0.2728223181377001,0.3758583303216447,0.2809054337886718,-0.008083115650971695,0.0,0.008083115650971695
2024-02-27,0.0,0.0,0.0,0.2651012261992815,0.3664618720636028,0.2728223181377001,-0.007721091938418578,0.0,0.007721091938418578
2024-02-28,0.0,0.0,0.0,0.2572896283327247,0.3570654138055644,0.2651012261992815,-0.00781159786655683,0.0,0.00781159786655683
2024-02-29,0.0,0.0,0.0,0.2491160067536147,0.3469461510661347,0.2572896283327247,-0.008173621579109974,0.0,0.008173621579109974
2024-03-01,0.0,0.0,0.0,0.2409455060685785,0.3368268883267049,0.2491160067536147,-0.008170500685036192,0.0,0.008170500685036192
2024-03-02,0.0,0.0,0.0,0.23348344833828,0.3277918323093587,0.2409455060685785,-0.00746205773029851,0.0,0.00746205773029851
2024-03-03,0.0,0.0,0.0,0.2200854500797389,0.3227322009396438,0.23348344833828,-0.0133979982585411,0.0,0.0133979982585411
2024-03-04,0.0,0.0,0.0,0.2297196500853565,0.323093603180336,0.2200854500797389,0.0096342000056176,0.0034684836511963825,0.006165716354421216
2024-03-05,0.0,0.0,0.0,0.2290892294824621,0.3223707986989517,0.2297196500853565,-0.0006304206028943937,0.0,0.0006304206028943937
2024-03-06,0.0,0.0,0.0,0.2252286835132528,0.3176725695699289,0.2290892294824621,-0.003860545969209317,0.0,0.003860545969209317
2024-03-07,0.0,0.0,0.0,0.2203788141226699,0.3115287314781341,0.2252286835132528,-0.004849869390582878,0.0,0.004849869390582878
2024-03-08,0.0,0.0,0.0,0.215351053769884,0.3053848933863357,0.2203788141226699,-0.005027760352785904,0.0,0.005027760352785904
2024-03-09,0.0,0.0,0.0,0.2104106784511626,0.2992410552945408,0.215351053769884,-0.004940375318721407,0.0,0.004940375318721407
2024-03-10,0.0,0.0,0.0,0.2053829180983768,0.2930972172027459,0.2104106784511626,-0.005027760352785793,0.0,0.005027760352785793
2024-03-11,0.0,0.0,0.0,0.1995468461804938,0.2862305746295597,0.2053829180983768,-0.005836071917883018,4.136485020237194e-06,0.005840208402903255
2024-03-12,0.0,0.0,0.0,0.1941570621151547,0.279363932056377,0.1995468461804938,-0.005389784065339076,0.0,0.005389784065339076
2024-03-13,0.0,0.0,0.0,0.1889514108001661,0.2732200939645821,0.1941570621151547,-0.005205651314988624,0.0,0.005205651314988624
2024-03-14,0.0,0.0,0.0,0.1831122179882093,0.2659920491507037,0.1889514108001661,-0.005839192811956773,0.0,0.005839192811956773
2024-03-15,0.0,0.0,0.0,0.1765614613274411,0.2580411998554375,0.1831122179882093,-0.006550756660768209,0.0,0.006550756660768209
2024-03-16,0.0,0.0,0.0,0.1701823538407283,0.2500903505601712,0.1765614613274411,-0.006379107486712804,0.0,0.006379107486712804
2024-03-17,0.0,0.0,0.0,0.1631759466451949,0.2414166967835171,0.1701823538407283,-0.007006407195533387,0.0,0.007006407195533387
2024-03-18,0.0,0.0,0.0,0.1558137575252558,0.2323816407661709,0.1631759466451949,-0.007362189119939105,0.0,0.007362189119939105
2024-03-19,0.0,0.0,0.0,0.1476401359461459,0.2222623780267412,0.1558137575252558,-0.008173621579109919,0.0,0.008173621579109919
2024-03-20,0.0,0.0,0.0,0.1394103382737087,0.2121431152873114,0.1476401359461459,-0.0082297976724372,0.0,0.0082297976724372
2024-03-21,0.0,0.0,0.0,0.1328221308840557,0.2020238525478817,0.1394103382737087,-0.006588207389652989,0.0,0.006588207389652989
2024-03-22,0.0,0.0,0.0,0.1260903623670108,0.1919045898084554,0.1328221308840557,-0.006731768517044906,0.0,0.006731768517044906
2024-03-23,0.0,0.0,0.0,0.1208066887001788,0.1835923382724935,0.1260903623670108,-0.005283673666831995,0.0,0.005283673666831995
2024-03-24,0.0,0.0,0.0,0.1151609913207936,0.1752800867365351,0.1208066887001788,-0.005645697379385195,0.0,0.005645697379385195
2024-03-25,0.0,0.0,0.0,0.109730635632496,0.1669678352005768,0.1151609913207936,-0.005430355688297597,0.0,0.005430355688297597
2024-03-26,0.0,0.0,0.0,0.1051710093907702,0.160101192627394,0.109730635632496,-0.004559626241725803,0.000588959525124738,0.005148585766850541
2024-03-27,0.0,0.0,0.0,0.0997437745965464,0.1517889410914321,0.1051710093907702,-0.005427234794223801,0.0,0.005427234794223801
2024-03-28,0.0,0.0,0.0,0.0963420000561761,0.1463679074810251,0.0997437745965464,-0.0034017745403703004,0.0,0.0034017745403703004
2024-03-29,0.0,0.0,0.0,0.0926499823669485,0.1409468738706145,0.0963420000561761,-0.0036920176892275974,0.0,0.0036920176892275974
2024-03-30,0.0,0.0,0.0,0.0892482078265781,0.1358872425008996,0.0926499823669485,-0.0034017745403704114,0.0,0.0034017745403704114
2024-03-31,0.0,0.0,0.0,0.0861366764350651,0.1308276111311883,0.0892482078265781,-0.0031115313915129894,3.623358019607045e-05,0.00314776497170906
2024-04-01,0.0,0.0,0.0,0.0880185755615269,0.1337188290567397,0.0861366764350651,0.0018818991264617918,0.0035614706901233007,0.0016795715636615089
2024-04-02,0.0,0.0,0.0,0.0917105932507544,0.1395012649078424,0.0880185755615269,0.0036920176892275003,0.002481114160493719,0.0012109035287337813
2024-04-03,0.0,0.0,0.0,0.0922161780906994,0.1402240693892267,0.0917105932507544,0.0005055848399450058,0.0003612690125805362,0.00014431582736446958
2024-04-04,0.0,0.0,0.0,0.0919259349418422,0.1398626671485345,0.0922161780906994,-0.00029024314885719993,0.0,0.00029024314885719993
2024-04-05,0.0,0.0,0.0,0.0919259349418422,0.1398626671485345,0.0919259349418422,0.0,0.0,0.0
2024-04-06,0.0,0.0,0.0,0.0919259349418422,0.1398626671485345,0.0919259349418422,0.0,0.0,0.0
2024-04-07,0.0,0.0,0.0,0.0919259349418422,0.1398626671485345,0.0919259349418422,0.0,0.0,0.0
2024-04-08,0.0,0.0,0.0,0.0919259349418422,0.1398626671485345,0.0919259349418422,0.0,0.0,0.0
2024-04-09,0.0,0.0,0.0,0.0919259349418422,0.1398626671485345,0.0919259349418422,0.0,0.0,0.0
2024-04-10,0.0,0.0,0.0,0.0919259349418422,0.1398626671485345,0.0919259349418422,0.0,0.0,0.0
2024-04-11,0.0,0.0,0.0,0.0919259349418422,0.1398626671485345,0.0919259349418422,0.0,0.0,0.0
2024-04-12,0.0,0.0,0.0,0.0803442970342144,0.1221539573545342,0.0919259349418422,-0.011581637907627798,0.0,0.011581637907627798
2024-04-13,0.0,0.0,0.0,0.0798387121942694,0.1214311528731464,0.0803442970342144,-0.0005055848399450058,0.0,0.0005055848399450058
2024-04-14,0.0,0.0,0.0,0.0781003741951995,0.1189013371882907,0.0798387121942694,-0.0017383379990699027,0.0,0.0017383379990699027
2024-04-15,0.0,0.0,0.0,0.0754226470799355,0.1145645102999637,0.0781003741951995,-0.0026777271152639975,0.0,0.0026777271152639975
2024-04-16,0.0,0.0,0.0,0.0739745522297228,0.1123960968558002,0.0754226470799355,-0.0014480948502127028,0.0,0.0014480948502127028
2024-04-17,0.0,0.0,0.0,0.0731787242409205,0.1113118901337166,0.0739745522297228,-0.000795827988802289,0.0,0.000795827988802289
2024-04-18,0.0,0.0,0.0,0.0742647953785801,0.1127574990964923,0.0731787242409205,0.0010860711376596,0.0001808121190558799,0.0009052590186037201
2024-04-19,0.0,0.0,0.0,0.0742647953785801,0.1127574990964923,0.0742647953785801,0.0,0.0001808121190558799,0.0001808121190558799
2024-04-20,0.0,0.0,0.0,0.0744083565059718,0.113118901337188,0.0742647953785801,0.0001435611273916948,0.00015922690103684515,1.566577364515035e-05
2024-04-21,0.0,0.0,0.0,0.0741930148148841,0.1127574990964923,0.0744083565059718,-0.00021534169108769485,0.0001808121190558799,0.00039615381014357473
2024-04-22,0.0,0.0,0.0,0.0726013588372797,0.1102276834116366,0.0741930148148841,-0.0015916559776044115,0.0,0.0015916559776044115
2024-04-23,0.0,0.0,0.0,0.0702107539767993,0.1066136610046974,0.0726013588372797,-0.0023906048604803998,0.0,0.0023906048604803998
2024-04-24,0.0,0.0,0.0,0.0686908785628907,0.1044452475605339,0.0702107539767993,-0.0015198754139085918,5.274310984611723e-05,0.0015726185237547091
2024-04-25,0.0,0.0,0.0,0.0653608845862162,0.099385616190819,0.0686908785628907,-0.0033299939766745085,0.0021911017068169665,0.005521095683491475
2024-04-26,0.0,0.0,0.0,0.0617437683547583,0.0939645825804085,0.0653608845862162,-0.003617116231457898,0.0,0.003617116231457898
2024-04-27,0.0,0.0,0.0,0.0576148254952079,0.0874593422479215,0.0617437683547583,-0.0041289428595504,0.0,0.0041289428595504
2024-04-28,0.0,0.0,0.0,0.0521158101372881,0.0791470907119595,0.0576148254952079,-0.005499015357919794,0.0,0.005499015357919794
2024-04-29,0.0,0.0,0.0,0.0485673535754523,0.0737260571015525,0.0521158101372881,-0.0035484565618358055,0.0,0.0035484565618358055
2024-04-30,0.0,0.0,0.0,0.044731774758833,0.0679436212504498,0.0485673535754523,-0.003835578816619299,0.0,0.003835578816619299
2024-05-01,0.0,0.0,0.0,0.0424160713561221,0.0643295988435106,0.044731774758833,-0.0023157034027109016,0.0,0.0023157034027109016
2024-05-02,0.0,0.0,0.0,0.0390860773794476,0.0592699674737957,0.0424160713561221,-0.0033299939766744946,0.00012837407660540382,0.0034583680532798986
2024-05-03,0.0,0.0,0.0,0.0335839411274542,0.0509577159378373,0.0390860773794476,-0.005502136251993403,0.0,0.005502136251993403
2024-05-04,0.0,0.0,0.0,0.0279382437480689,0.0422840621611833,0.0335839411274542,-0.005645697379385299,0.0,0.005645697379385299
2024-05-05,0.0,0.0,0.0,0.0218587420924346,0.033249006143837,0.0279382437480689,-0.006079501655634301,0.0,0.006079501655634301
2024-05-06,0.0,0.0,0.0,0.0156325584153348,0.0238525478857951,0.0218587420924346,-0.0062261836770997996,0.0,0.0062261836770997996
2024-05-07,0.0,0.0,0.0,0.009699738781166,0.0148174918684453,0.0156325584153348,-0.0059328196341688,0.0,0.0059328196341688
2024-05-08,0.0,0.0,0.0,0.0049965514120485,0.0090350560173462,0.009699738781166,-0.0047031873691175,0.0,0.0047031873691175
2024-05-09,0.0,0.0,0.0,0.0025341659878722,0.0036140224069356,0.0049965514120485,-0.0024623854241762996,0.0,0.0024623854241762996
2024-05-10,0.0,0.0,0.0,0.0018101185627658,0.0025298156848556,0.0025341659878722,-0.0007240474251064,0.0,0.0007240474251064
2024-05-11,0.0,0.0,0.0,0.0,0.0,0.0018101185627658,-0.0018101185627658,0.0,0.0018101185627658
2024-05-12,0.0,0.0,0.0,0.0018818991264617,0.0028912179255478,0.0,0.0018818991264617,0.0007138577059555582,0.001168041420506142
2024-05-13,0.0,0.0,0.0,0.0050652110816707,0.0075894470545705,0.0018818991264617,0.003183311955209,0.0005881793016063721,0.0025951326536026277
2024-05-14,0.0,0.0,0.0,0.0082890946598381,0.0130104806649775,0.0050652110816707,0.0032238835781673997,0.0007441459829411412,0.0024797375952262586
2024-05-15,0.0,0.0,0.0,0.0104955667699682,0.0159016985905289,0.0082890946598381,0.0022064721101301005,0.0007255298497913597,0.0014809422603387409
2024-05-16,0.0,0.0,0.0,0.010133543057415,0.015178894109141,0.0104955667699682,-0.0003620237125532,0.0,0.0003620237125532
2024-05-17,0.0,0.0,0.0,0.0116534184713237,0.0177087097940003,0.010133543057415,0.0015198754139086994,0.0012763988627462685,0.00024347655116243087
2024-05-18,0.0,0.0,0.0,0.0154172167242472,0.0234911456450994,0.0116534184713237,0.0037637982529235003,0.0014240483613745865,0.002339749891548914
2024-05-19,0.0,0.0,0.0,0.0197583803808115,0.02999638597759,0.0154172167242472,0.0043411636565643,0.0017011525461814098,0.0026400111103828897
2024-05-20,0.0,0.0,0.0,0.0281567063332304,0.0426454644018789,0.0197583803808115,0.008398325952418902,0.00406931817827173,0.004329007774147172
2024-05-21,0.0,0.0,0.0,0.0370044410322669,0.0560173473075522,0.0281567063332304,0.008847734699036502,0.004323749067632849,0.004523985631403653
2024-05-22,0.0,0.0,0.0,0.0432118993449243,0.0657752078062863,0.0370044410322669,0.006207458312657399,0.002233068369426462,0.003974389943230937
2024-05-23,0.0,0.0,0.0,0.0432118993449243,0.0657752078062863,0.0432118993449243,0.0,0.002233068369426462,0.002233068369426462
2024-05-24,0.0,0.0,0.0,0.0555175846776584,0.0842067220816744,0.0432118993449243,0.012305685332734101,0.0058304699130206925,0.0064752154197134084
2024-05-25,0.0,0.0,0.0,0.0745612803155849,0.1011926273942869,0.0555175846776584,0.019043695637926496,0.011177372893786683,0.007866322744139813
2024-05-26,0.0,0.0,0.0,0.0754226470799355,0.1145645102999637,0.0745612803155849,0.000861366764350599,0.0,0.000861366764350599
2024-05-27,0.0,0.0,0.0,0.0869325044238673,0.1322732200939604,0.0754226470799355,0.011509857343931798,0.0069910055832794575,0.0045188517606523405
2024-05-28,0.0,0.0,0.0,0.1022061600207228,0.1554029634983713,0.0869325044238673,0.015273655596855507,0.009041511012074857,0.0062321445847806495
2024-05-29,0.0,0.0,0.0,0.1128452879180827,0.1716660643295959,0.1022061600207228,0.010639127897359893,0.003924914409479947,0.006714213487879946
2024-05-30,0.0,0.0,0.0,0.1236310978369084,0.1879291651608206,0.1128452879180827,0.010785809918825703,0.005473720511452199,0.005312089407373505
2024-05-31,0.0,0.0,0.0,0.131807840310092,0.2005782435851095,0.1236310978369084,0.00817674247318359,0.002354901832276825,0.005821840640906765
2024-06-01,0.0,0.0,0.0,0.1399159231136536,0.2128659197686992,0.131807840310092,0.008108082803561623,0.003801280190749069,0.0043068026128125535
2024-06-02,0.0,0.0,0.0,0.1435111930865954,0.2172027466570263,0.1399159231136536,0.0035952699729417947,0.0035812415540804154,1.4028418861379306e-05
2024-06-03,0.0,0.0,0.0,0.1453057071789927,0.2193711601011898,0.1435111930865954,0.0017945140923972813,0.0017474041963542147,4.710989604306661e-05
2024-06-04,0.0,0.0,0.0,0.1472812331276665,0.221900975786049,0.1453057071789927,0.001975525948673812,0.0,0.001975525948673812
2024-06-05,0.0,0.0,0.0,0.1506049853161934,0.2258764004336804,0.1472812331276665,0.0033237521885269017,0.0004930232412981392,0.0028307289472287627
2024-06-06,0.0,0.0,0.0,0.1603047240973595,0.2378026743765779,0.1506049853161934,0.00969973878116609,0.003695169792242121,0.006004568988923969
2024-06-07,0.0,0.0,0.0,0.1668586016522013,0.2461149259125399,0.1603047240973595,0.006553877554841797,0.001550631825005167,0.00500324572983663
2024-06-08,0.0,0.0,0.0,0.1717084710427844,0.2518973617636391,0.1668586016522013,0.0048498693905831,0.0015448893799095936,0.0033049800106735067
2024-06-09,0.0,0.0,0.0,0.1766457254674319,0.2580411998554375,0.1717084710427844,0.004937254424647514,0.0,0.004937254424647514
2024-06-10,0.0,0.0,0.0,0.1787117573442439,0.2605710155402931,0.1766457254674319,0.002066031876812008,0.0011655865772426,0.0009004452995694078
2024-06-11,0.0,0.0,0.0,0.1796105748374795,0.2616552222623767,0.1787117573442439,0.0008988174932355875,0.0,0.0008988174932355875
2024-06-12,0.0,0.0,0.0,0.1782623485976262,0.2598482110589053,0.1796105748374795,-0.001348226239853284,0.0007055586789265579,0.002053784918779842
2024-06-13,0.0,0.0,0.0,0.1780844576354234,0.2598482110589053,0.1782623485976262,-0.00017789096220280354,0.0007055586789265579,0.0008834496411293614
2024-06-14,0.0,0.0,0.0,0.1749417173031731,0.255872786411274,0.1780844576354234,-0.0031427403322503156,0.0,0.0031427403322503156
2024-06-15,0.0,0.0,0.0,0.1743112967002786,0.2551499819298861,0.1749417173031731,-0.0006304206028945047,0.0,0.0006304206028945047
2024-06-16,0.0,0.0,0.0,0.178171842669488,0.2598482110589053,0.1743112967002786,0.0038605459692094,0.0007055586789265579,0.003154987290282842
2024-06-17,0.0,0.0,0.0,0.1779939517072851,0.2594868088182132,0.178171842669488,-0.0001778909622028868,8.134547242236077e-05,0.00025923643462524756
2024-06-18,0.0,0.0,0.0,0.1824849182793887,0.2652692446693159,0.1779939517072851,0.0044909665721036,0.0021981549274236287,0.002292811644679971
2024-06-19,0.0,0.0,0.0,0.1856276586116391,0.2688832670762551,0.1824849182793887,0.003142740332250399,0.0015285046860224819,0.001614235646227917
2024-06-20,0.0,0.0,0.0,0.1890387958342305,0.2732200939645821,0.1856276586116391,0.0034111372225913983,0.0,0.0034111372225913983
2024-06-21,0.0,0.0,0.0,0.1911953336391809,0.2757499096494378,0.1890387958342305,0.002156537804950398,0.0009613680127082945,0.0011951697922421036
2024-06-22,0.0,0.0,0.0,0.1936171474403987,0.2786411275749891,0.1911953336391809,0.002421813801217809,0.0007044638147936808,0.0017173499864241285
2024-06-23,0.0,0.0,0.0,0.189937613327466,0.2743043006866621,0.1936171474403987,-0.003679534112932703,0.0,0.003679534112932703
2024-06-24,0.0,0.0,0.0,0.1841889264436476,0.2670762558727837,0.189937613327466,-0.00574868688381841,0.0,0.00574868688381841
2024-06-25,0.0,0.0,0.0,0.1800599835840972,0.2620166245030688,0.1841889264436476,-0.0041289428595504,0.0,0.0041289428595504
2024-06-26,0.0,0.0,0.0,0.1791611660908617,0.2609324177809888,0.1800599835840972,-0.0008988174932355042,0.0,0.0008988174932355042
2024-06-27,0.0,0.0,0.0,0.1789832751286588,0.2609324177809888,0.1791611660908617,-0.0001778909622028868,0.0,0.0001778909622028868
2024-06-28,0.0,0.0,0.0,0.1837395176970299,0.2667148536320916,0.1789832751286588,0.004756242568371094,0.0013623950989480305,0.0033938474694230635
2024-06-29,0.0,0.0,0.0,0.1892198076905071,0.2735814962052743,0.1837395176970299,0.0054802899934772165,0.003363492353289282,0.0021167976401879345
2024-06-30,0.0,0.0,0.0,0.1926309449130987,0.2775569208529092,0.1892198076905071,0.0034111372225915926,0.0030082922155539537,0.0004028450070376389
2024-07-01,0.0,0.0,0.0,0.1996373521086321,0.2862305746295597,0.1926309449130987,0.007006407195533387,4.136485020237194e-06,0.00700227071051315
2024-07-02,0.0,0.0,0.0,0.2130166250027307,0.3097217202746627,0.1996373521086321,0.013379272894098598,0.005488934870061546,0.007890338024037052
2024-07-03,0.0,0.0,0.0,0.2230752666023763,0.3256234188651952,0.2130166250027307,0.010058641599645618,0.007939351665465222,0.002119289934180396
2024-07-04,0.0,0.0,0.0,0.2329528963457452,0.3270690278279708,0.2230752666023763,0.009877629743368893,0.005936049759535163,0.00394157998383373
2024-07-05,0.0,0.0,0.0,0.2458827604932262,0.3429707264185033,0.2329528963457452,0.012929864147480985,0.0058041763804494865,0.0071256877670314986
2024-07-06,0.0,0.0,0.0,0.2605197536990398,0.3610408384531958,0.2458827604932262,0.014636993205813603,0.0054591303316573955,0.009177862874156208
2024-07-07,0.0,0.0,0.0,0.2700384806239292,0.3726057101554012,0.2605197536990398,0.00951872692488942,0.0034320628173558913,0.006086664107533529
2024-07-08,0.0,0.0,0.0,0.2754282646892682,0.3791109504878918,0.2700384806239292,0.005389784065338965,0.002422297539799152,0.002967486525539813
2024-07-09,0.0,0.0,0.0,0.2812643366071512,0.3863389953017702,0.2754282646892682,0.005836071917883046,0.0027038802076018854,0.00313219171028116
2024-07-10,0.0,0.0,0.0,0.2861142059977343,0.3921214311528693,0.2812643366071512,0.0048498693905830725,0.0018067167882255095,0.003043152602357563
2024-07-11,0.0,0.0,0.0,0.2907830635320406,0.397903867003972,0.2861142059977343,0.004668857534306292,0.0014859356908566216,0.0031829218434496704
2024-07-12,0.0,0.0,0.0,0.2952740301041442,0.4033249006143791,0.2907830635320406,0.004490966572103627,0.001362582352592401,0.0031283842195112266
2024-07-13,0.0,0.0,0.0,0.2994029729636946,0.4087459342247896,0.2952740301041442,0.0041289428595504,0.001785525917464846,0.0023434169420855537
2024-07-14,0.0,0.0,0.0,0.3037160485735953,0.4138055655945045,0.2994029729636946,0.004313075609900685,0.002275038152930042,0.002038037456970643
2024-07-15,0.0,0.0,0.0,0.3030856279707011,0.4130827611131167,0.3037160485735953,-0.0006304206028941994,0.0,0.0006304206028941994
2024-07-16,0.0,0.0,0.0,0.2998523817103125,0.4091073364654853,0.3030856279707011,-0.0032332462603886225,0.0,0.0032332462603886225
2024-07-17,0.0,0.0,0.0,0.2981827033808646,0.4069389230213218,0.2998523817103125,-0.0016696783294478657,0.0,0.0016696783294478657
2024-07-18,0.0,0.0,0.0,0.2962602326314442,0.4047705095771583,0.2981827033808646,-0.001922470749420424,0.0,0.001922470749420424
2024-07-19,0.0,0.0,0.0,0.2976084588712975,0.406216118539934,0.2962602326314442,0.0013482262398533118,0.00045007973884365947,0.0008981465010096523
2024-07-20,0.0,0.0,0.0,0.2971590501246798,0.4058547162992383,0.2976084588712975,-0.0004494087466176966,0.0,0.0004494087466176966
2024-07-21,0.0,0.0,0.0,0.3016500166967834,0.4112757499096489,0.2971590501246798,0.004490966572103572,0.0013601324507444821,0.0031308341213590898
2024-07-22,0.0,0.0,0.0,0.3072176917243251,0.4181423924828316,0.3016500166967834,0.005567675027541741,0.002341965726341231,0.0032257093012005096
2024-07-23,0.0,0.0,0.0,0.3167364186492147,0.429707264185037,0.3072176917243251,0.009518726924889587,0.00490983737020987,0.004608889554679717
2024-07-24,0.0,0.0,0.0,0.323496275212923,0.4372967112396075,0.3167364186492147,0.006759856563708311,0.0029602616557591233,0.0037995949079491875
2024-07-25,0.0,0.0,0.0,0.3344474925176565,0.448861582941813,0.323496275212923,0.010951217304733474,0.0041223889819955815,0.006828828322737892
2024-07-26,0.0,0.0,0.0,0.3395532752222857,0.4539212143115279,0.3344474925176565,0.0051057827046291915,0.0021430399380814387,0.0029627427665477528
2024-07-27,0.0,0.0,0.0,0.3510381654136277,0.4658474882544254,0.3395532752222857,0.011484890191342023,0.0,0.011484890191342023
2024-07-28,0.0,0.0,0.0,0.3609282787332916,0.4763281532345473,0.3510381654136277,0.009890113319663885,0.00427290190093661,0.005617211418727275
2024-07-29,0.0,0.0,0.0,0.3804900427874578,0.4965666787134069,0.3609282787332916,0.01956176405416621,0.011034295504976198,0.008527468549190011
2024-07-30,0.0,0.0,0.0,0.3922932641743206,0.5088543548969966,0.3804900427874578,0.011803221386862794,0.005025513309052775,0.006777708077810019
2024-07-31,0.0,0.0,0.0,0.4009069318178272,0.5175280086736507,0.3922932641743206,0.008613667643506628,0.0031989008211073112,0.005414766822399317
2024-08-01,0.0,0.0,0.0,0.4113275971300257,0.5283700758944683,0.4009069318178272,0.010420665312198485,0.0051742863295476,0.005246378982650885
2024-08-02,0.0,0.0,0.0,0.430574150882745,0.5482471991326321,0.4113275971300257,0.019246553752719275,0.010894869562232306,0.00835168419048697
2024-08-03,0.0,0.0,0.0,0.4333392630320735,0.5511384170581834,0.430574150882745,0.002765112149328508,0.002981936265101251,0.00021682411577274296
2024-08-04,0.0,0.0,0.0,0.4411009265934505,0.5590892663534497,0.4333392630320735,0.00776166356137703,0.0037638762752753457,0.003997787286101685
2024-08-05,0.0,0.0,0.0,0.4471617028846425,0.5655945066859402,0.4411009265934505,0.006060776291192005,0.0029343582349472003,0.0031264180562448046
2024-08-06,0.0,0.0,0.0,0.4510940294175476,0.5695699313335716,0.4471617028846425,0.003932326532905095,0.0007435842220078684,0.0031887423108972264
2024-08-07,0.0,0.0,0.0,0.4635370340895259,0.5825804119985527,0.4510940294175476,0.012443004671978286,0.004820548590760224,0.007622456081218062
2024-08-08,0.0,0.0,0.0,0.4823560253541434,0.6020961329960208,0.4635370340895259,0.0188189912646175,0.00890345826272311,0.009915533001894392
2024-08-09,0.0,0.0,0.0,0.5004353647232859,0.6208890495121047,0.4823560253541434,0.018079339369142466,0.00777928100842326,0.010300058360719205
2024-08-10,0.0,0.0,0.0,0.5167045855296625,0.637513552584025,0.5004353647232859,0.016269220806376605,0.006530205573292646,0.009739015233083959
2024-08-11,0.0,0.0,0.0,0.2211871256877671,0.6544994578966374,0.5167045855296625,-0.29551745984189537,0.0,0.29551745984189537
2024-08-12,0.0,0.0,0.0,0.5637863935260173,0.6823274304300675,0.2211871256877671,0.34259926783825023,0.23462833272475955,0.10797093511349068
2024-08-13,0.0,0.0,0.0,0.5810449377537678,0.6978677267799043,0.5637863935260173,0.017258544227750416,0.008229498586755153,0.009029045640995263
2024-08-14,0.0,0.0,0.0,0.5918650775074045,0.7076255872786383,0.5810449377537678,0.010820139753636715,0.003479746066224523,0.007340393687412192
2024-08-15,0.0,0.0,0.0,0.5918650775074045,0.7076255872786383,0.5918650775074045,0.0,0.003479746066224523,0.003479746066224523
2024-08-16,0.0,0.0,0.0,0.6231021062914103,0.7361763642934562,0.5918650775074045,0.031237028784005805,0.014902191179729024,0.01633483760427678
2024-08-17,0.0,0.0,0.0,0.6378108800609198,0.7495482471991295,0.6231021062914103,0.01470877376950952,0.007637545604064675,0.007071228165444845
2024-08-18,0.0,0.0,0.0,0.6523979389615536,0.7625587278641106,0.6378108800609198,0.014587058900633831,0.00860123179179278,0.005985827108841052
2024-08-19,0.0,0.0,0.0,0.6669818769681138,0.7759306107697839,0.6523979389615536,0.014583938006560215,0.008167005283673721,0.006416932722886494
2024-08-20,0.0,0.0,0.0,0.6802331932051896,0.787856884712685,0.6669818769681138,0.013251316237075761,0.01122575080503875,0.0020255654320370103
2024-08-21,0.0,0.0,0.0,0.6878887463680595,0.7947235272858677,0.6802331932051896,0.007655553162869921,0.008456025457497678,0.0008004722946277562
2024-08-22,0.0,0.0,0.0,0.696034279900506,0.8023129743404382,0.6878887463680595,0.008145533532446514,0.001071387432370345,0.007074146100076169
2024-08-23,0.0,0.0,0.0,0.696034279900506,0.8023129743404382,0.696034279900506,0.0,0.001071387432370345,0.001071387432370345
2024-08-24,0.0,0.0,0.0,0.696034279900506,0.8023129743404382,0.696034279900506,0.0,0.001071387432370345,0.001071387432370345
2024-08-25,0.0,0.0,0.0,0.696034279900506,0.8023129743404382,0.696034279900506,0.0,0.001071387432370345,0.001071387432370345
2024-08-26,0.0,0.0,0.0,0.696034279900506,0.8023129743404382,0.696034279900506,0.0,0.001071387432370345,0.001071387432370345
2024-08-27,0.0,0.0,0.0,0.696034279900506,0.8023129743404382,0.696034279900506,0.0,0.001071387432370345,0.001071387432370345
2024-08-28,0.0,0.0,0.0,0.696034279900506,0.8023129743404382,0.696034279900506,0.0,0.001071387432370345,0.001071387432370345
2024-08-29,0.0,0.0,0.0,0.7504189800293989,0.8514636790748078,0.696034279900506,0.05438470012889285,0.008135174264850704,0.04624952586404214
2024-08-30,0.0,0.0,0.0,0.7504189800293989,0.8514636790748078,0.7504189800293989,0.0,0.008135174264850704,0.008135174264850704
2024-08-31,0.0,0.0,0.0,0.7504189800293989,0.8514636790748078,0.7504189800293989,0.0,0.008135174264850704,0.008135174264850704
2024-09-01,0.0,0.0,0.0,0.7504189800293989,0.8514636790748078,0.7504189800293989,0.0,0.008135174264850704,0.008135174264850704
2024-09-02,0.0,0.0,0.0,0.7504189800293989,0.8514636790748078,0.7504189800293989,0.0,0.008135174264850704,0.008135174264850704
2024-09-03,0.0,0.0,0.0,0.7504189800293989,0.8514636790748078,0.7504189800293989,0.0,0.008135174264850704,0.008135174264850704
2024-09-04,0.0,0.0,0.0,0.7504189800293989,0.8514636790748078,0.7504189800293989,0.0,0.008135174264850704,0.008135174264850704
2024-09-05,0.0,0.0,0.0,0.7996073915255243,0.8937477412359947,0.7504189800293989,0.049188411496125406,0.01961627046916393,0.029572141026961474
2024-09-06,0.0,0.0,0.0,0.653228096785167,0.9013371882905652,0.7996073915255243,-0.14637929474035727,0.0,0.14637929474035727
2024-09-07,0.0,0.0,0.0,0.8177741159287312,0.908203830863748,0.653228096785167,0.16454601914356415,0.09666473171234116,0.06788128743122299
2024-09-08,0.0,0.0,0.0,0.8257417584989749,0.9147090711962385,0.8177741159287312,0.007967642570243738,0.008892207439587433,0.0009245648693436952
2024-09-09,0.0,0.0,0.0,0.8339091382899374,0.9215757137694248,0.8257417584989749,0.008167379790962492,0.002311942725351982,0.00585543706561051
2024-09-10,0.0,0.0,0.0,0.842756872988974,0.9284423563426074,0.8339091382899374,0.008847734699036547,0.001556858008682327,0.00729087669035422
2024-09-11,0.0,0.0,0.0,0.8494262236245439,0.9338633899530144,0.842756872988974,0.006669350635569948,0.0032503019465015136,0.0034190486890684347
2024-09-12,0.0,0.0,0.0,0.8552810209068694,0.9389230213227292,0.8494262236245439,0.005854797282325519,0.0024521957050256393,0.0034026015772998797
2024-09-13,0.0,0.0,0.0,0.8593631503553137,0.9421756414889764,0.8552810209068694,0.004082129448444327,0.0011487074817193665,0.002933421966724961
2024-09-14,0.0,0.0,0.0,0.8641256347118323,0.9457896638959156,0.8593631503553137,0.004762484356518604,0.0015758486491211081,0.0031866357073974958
2024-09-15,0.0,0.0,0.0,0.8691627577468394,0.9501264907842426,0.8641256347118323,0.0050371230350070295,0.0019511049525467378,0.0030860180824602915
2024-09-16,0.0,0.0,0.0,0.8739252421033578,0.9537405131911784,0.8691627577468394,0.004762484356518382,0.0018599436366530048,0.002902540719865377
2024-09-17,0.0,0.0,0.0,0.8769213004141426,0.9562703288760376,0.8739252421033578,0.002996058310784866,0.0009758567634455328,0.0020202015473393333
2024-09-18,0.0,0.0,0.0,0.8789623651383648,0.9580773400795052,0.8769213004141426,0.0020410647242221636,0.0005548637573691462,0.0014862009668530174
2024-09-19,0.0,0.0,0.0,0.8796427200464388,0.958438742320201,0.8789623651383648,0.0006803549080740545,0.0007971543687835414,0.00011679946070948684
2024-09-20,0.0,0.0,0.0,0.8834564526045422,0.9616913624864444,0.8796427200464388,0.0038137325581033554,0.0015084581430889101,0.002305274415014445
2024-09-21,0.0,0.0,0.0,0.8852228786502757,0.9631369714492202,0.8834564526045422,0.0017664260457335157,0.0012651350358850355,0.0005012910098484802
2024-09-22,0.0,0.0,0.0,0.8859032335583498,0.9634983736899124,0.8852228786502757,0.0006803549080740545,0.0007926940910031702,0.00011233918292911569
2024-09-23,0.0,0.0,0.0,0.8861778722368384,0.963859775930608,0.8859032335583498,0.00027463867848864787,0.0,0.00027463867848864787
2024-09-24,0.0,0.0,0.0,0.8867209078056683,0.9642211781713036,0.8861778722368384,0.0005430355688298416,0.0003454522851707001,0.0001975832836591415
2024-09-25,0.0,0.0,0.0,0.8861778722368384,0.963859775930608,0.8867209078056683,-0.0005430355688298416,0.0,0.0005430355688298416
2024-09-26,0.0,0.0,0.0,0.8861778722368384,1.0,0.8861778722368384,0.0,2.715177844149208e-06,2.715177844149208e-06
2024-09-27,0.0,0.0,0.0,0.8861778722368384,1.0,0.8861778722368384,0.0,2.715177844149208e-06,2.715177844149208e-06
2024-09-28,0.0,0.0,0.0,0.8861778722368384,1.0,0.8861778722368384,0.0,2.715177844149208e-06,2.715177844149208e-06
2024-09-29,0.0,0.0,0.0,0.8861778722368384,1.0,0.8861778722368384,0.0,2.715177844149208e-06,2.715177844149208e-06
2024-09-30,0.0,0.0,0.0,0.8861778722368384,1.0,0.8861778722368384,0.0,2.715177844149208e-06,2.715177844149208e-06
2024-10-01,0.0,0.0,0.0,0.8820957427883941,0.9606071557643644,0.8861778722368384,-0.004082129448444327,0.0,0.004082129448444327
2024-10-02,0.0,0.0,0.0,0.8785535280147055,0.9577159378388131,0.8820957427883941,-0.0035422147736885456,0.0,0.0035422147736885456
2024-10-03,0.0,0.0,0.0,0.8712038224710615,0.9515720997470148,0.8785535280147055,-0.007349705543644003,0.0,0.007349705543644003
2024-10-04,0.0,0.0,0.0,0.8683482043935945,0.9494036863028512,0.8712038224710615,-0.002855618077467037,0.0,0.002855618077467037
2024-10-05,0.0,0.0,0.0,0.8619472506483657,0.9439826526924442,0.8683482043935945,-0.006400953745228755,0.0,0.006400953745228755
2024-10-06,0.0,0.0,0.0,0.8558240564756993,0.939284423563425,0.8619472506483657,-0.006123194172666491,0.0,0.006123194172666491
2024-10-07,0.0,0.0,0.0,0.8483370315928106,0.9331405854716266,0.8558240564756993,-0.00748702488288866,0.0,0.00748702488288866
2024-10-08,0.0,0.0,0.0,0.8378570692932111,0.9244669316949724,0.8483370315928106,-0.010479962299599466,0.0,0.010479962299599466
2024-10-09,0.0,0.0,0.0,0.829555491057078,0.917961691362482,0.8378570692932111,-0.00830157823613309,0.0,0.00830157823613309
2024-10-10,0.0,0.0,0.0,0.8227488210822637,0.9125406577520748,0.829555491057078,-0.006806669974814383,0.010480726918647702,0.017287396893462086
2024-10-11,0.0,0.0,0.0,0.8171655415843532,0.9078424286230558,0.8227488210822637,-0.005583279497910487,0.029700394168921482,0.035283673666831966
2024-10-12,0.0,0.0,0.0,0.8121315394434198,0.9038670039754207,0.8171655415843532,-0.0050340021409334135,0.0,0.0050340021409334135
2024-10-13,0.0,0.0,0.0,0.8065482599455093,0.8991687748464017,0.8121315394434198,-0.005583279497910487,0.0,0.005583279497910487
2024-10-14,0.0,0.0,0.0,0.8024661304970649,0.8959161546801582,0.8065482599455093,-0.004082129448444327,0.01961627046916393,0.02369839991760826
2024-10-15,0.0,0.0,0.0,0.7971574896776429,0.8915793277918311,0.8024661304970649,-0.005308640819422061,0.01961627046916393,0.024924911288585993
2024-10-16,0.0,0.0,0.0,0.7925292037662951,0.8879653053848919,0.7971574896776429,-0.004628285911347785,0.01961627046916393,0.024244556380511716
2024-10-17,0.0,0.0,0.0,0.7883097549786063,0.8847126852186484,0.7925292037662951,-0.004219448787688762,0.01961627046916393,0.023835719256852694
2024-10-18,0.0,0.0,0.0,0.7831384334984285,0.8803758583303214,0.7883097549786063,-0.005171321480177848,0.01961627046916393,0.02478759194934178
2024-10-19,0.0,0.0,0.0,0.7794620202795698,0.8774846404047665,0.7831384334984285,-0.0036764132188586984,0.019279706502699775,0.022956119721558473
2024-10-20,0.0,0.0,0.0,0.7728020323262209,0.8745934224792151,0.7794620202795698,-0.006659987953348878,0.03481095839513582,0.0414709463484847
2024-10-21,0.0,0.0,0.0,0.7739474004512813,0.8727864112757473,0.7728020323262209,0.0011453681250603864,0.03481095839513582,0.033665590270075436
2024-10-22,0.0,0.0,0.0,0.772003083443345,0.8709794000722759,0.7739474004512813,-0.0019443170079362915,0.008135174264850704,0.010079491272786996
2024-10-23,0.0,0.0,0.0,0.7696936218287816,0.868810986628116,0.772003083443345,-0.0023094616145633573,0.008135174264850704,0.010444635879414061
2024-10-24,0.0,0.0,0.0,0.7675058750830938,0.8670039754246446,0.7696936218287816,-0.0021877467456878907,0.008135174264850704,0.010322921010538595
2024-10-25,0.0,0.0,0.0,0.7675058750830938,0.8670039754246446,0.7675058750830938,0.0,0.008135174264850704,0.008135174264850704
2024-10-26,0.0,0.0,0.0,0.7675058750830938,0.8670039754246446,0.7675058750830938,0.0,0.008135174264850704,0.008135174264850704
2024-10-27,0.0,0.0,0.0,0.7675058750830938,0.8670039754246446,0.7675058750830938,0.0,0.008135174264850704,0.008135174264850704
2024-10-28,0.0,0.0,0.0,0.7675058750830938,0.8670039754246446,0.7675058750830938,0.0,0.008135174264850704,0.008135174264850704
2024-10-29,0.0,0.0,0.0,0.7675058750830938,0.8670039754246446,0.7675058750830938,0.0,0.008135174264850704,0.008135174264850704
2024-10-30,0.0,0.0,0.0,0.7675058750830938,0.8670039754246446,0.7675058750830938,0.0,0.008135174264850704,0.008135174264850704
2024-10-31,0.0,0.0,0.0,0.7675058750830938,0.8670039754246446,0.7675058750830938,0.0,0.008135174264850704,0.008135174264850704
2024-11-01,0.0,0.0,0.0,0.7479347483467064,0.8492952656306443,0.7675058750830938,-0.01957112673638739,0.008135174264850704,0.027706301001238096
2024-11-02,0.0,0.0,0.0,0.745625286732143,0.8471268521864808,0.7479347483467064,-0.0023094616145633573,0.007889232207370079,0.010198693821933436
2024-11-03,0.0,0.0,0.0,0.7429506805109528,0.8445970365016251,0.745625286732143,-0.002674606221190201,0.007889232207370079,0.01056383842856028
2024-11-04,0.0,0.0,0.0,0.7408846486341408,0.8427900252981537,0.7429506805109528,-0.00206603187681198,0.007889232207370079,0.009955264084182059
2024-11-05,0.0,0.0,0.0,0.7380914484381486,0.8402602096132981,0.7408846486341408,-0.0027932001959922736,0.007889232207370079,0.010682432403362353
2024-11-06,0.0,0.0,0.0,0.7355385570858338,0.8380917961691345,0.7380914484381486,-0.0025528913523147345,0.007889232207370079,0.010442123559684813
2024-11-07,0.0,0.0,0.0,0.7328639508646438,0.8355619804842753,0.7355385570858338,-0.002674606221189979,0.007889232207370079,0.010563838428560058
2024-11-08,0.0,0.0,0.0,0.730067629774578,0.8330321647994197,0.7328639508646438,-0.0027963210900658897,0.007889232207370079,0.010685553297435969
2024-11-09,0.0,0.0,0.0,0.7260572808898295,0.8294181423924805,0.730067629774578,-0.004010348884748494,0.007889232207370079,0.011899581092118573
2024-11-10,0.0,0.0,0.0,0.7231392449308877,0.8268883267076248,0.7260572808898295,-0.0029180359589418003,0.001071387432370345,0.003989423391312146
2024-11-11,0.0,0.0,0.0,0.720342923840822,0.8243585110227656,0.7231392449308877,-0.0027963210900656676,0.001071387432370345,0.003867708522436013
2024-11-12,0.0,0.0,0.0,0.7183986068328855,0.8225514998192978,0.720342923840822,-0.0019443170079365135,0.001071387432370345,0.003015704440306859
2024-11-13,0.0,0.0,0.0,0.7174248878818804,0.8214672930972142,0.7183986068328855,-0.0009737189510050648,0.001071387432370345,0.00204510638337541
2024-11-14,0.0,0.0,0.0,0.7137796836037588,0.8182146729309707,0.7174248878818804,-0.00364520427812165,0.001071387432370345,0.004716591710491995
2024-11-15,0.0,0.0,0.0,0.7103779090633885,0.8153234550054194,0.7137796836037588,-0.0034017745403702726,0.001071387432370345,0.004473161972740618
2024-11-16,0.0,0.0,0.0,0.7078218968170001,0.8127936393205601,0.7103779090633885,-0.0025560122463883506,0.001071387432370345,0.003627399678758696
2024-11-17,0.0,0.0,0.0,0.7062427244156907,0.8113480303577845,0.7078218968170001,-0.0015791724013094477,0.001071387432370345,0.002650559833679793
2024-11-18,0.0,0.0,0.0,0.703689833063376,0.809179616913621,0.7062427244156907,-0.0025528913523147345,0.001071387432370345,0.00362427878468508
2024-11-19,0.0,0.0,0.0,0.7004097733918814,0.8062883989880731,0.703689833063376,-0.003280059671494584,0.001071387432370345,0.004351447103864929
2024-11-20,0.0,0.0,0.0,0.6963994245071327,0.8023129743404382,0.7004097733918814,-0.004010348884748716,0.001071387432370345,0.005081736317119061
2024-11-21,0.0,0.0,0.0,0.6929945290726888,0.7994217564148869,0.6963994245071327,-0.0034048954344438886,0.001071387432370345,0.004476282866814234
2024-11-22,0.0,0.0,0.0,0.6895927545323185,0.7961691362486398,0.6929945290726888,-0.0034017745403702726,0.005128992783722708,0.00853076732409298
2024-11-23,0.0,0.0,0.0,0.6870398631800038,0.7940007228044799,0.6895927545323185,-0.0025528913523147345,0.008456025457497678,0.011008916809812412
2024-11-24,0.0,0.0,0.0,0.6844869718276893,0.7918323093603163,0.6870398631800038,-0.0025528913523145125,0.008456025457497678,0.01100891680981219
2024-11-25,0.0,0.0,0.0,0.6822992250820016,0.7896638959161528,0.6844869718276893,-0.0021877467456876687,0.010274648456614575,0.012462395202302244
2024-11-26,0.0,0.0,0.0,0.6787726147786818,0.7864112757499058,0.6822992250820016,-0.0035266103033197993,0.011191775819936965,0.014718386123256764
2024-11-27,0.0,0.0,0.0,0.6752491253694358,0.7831586555836623,0.6787726147786818,-0.003523489409245961,0.011232175793721523,0.014755665202967484
2024-11-28,0.0,0.0,0.0,0.671113940721738,0.7795446331767231,0.6752491253694358,-0.004135184647697798,0.008167005283673721,0.01230218993137152
2024-11-29,0.0,0.0,0.0,0.6667384472303625,0.7755692085290882,0.671113940721738,-0.004375493491375559,0.008167005283673721,0.01254249877504928
2024-11-30,0.0,0.0,0.0,0.6629715280833653,0.7723165883628447,0.6667384472303625,-0.0037669191469971164,0.0,0.0037669191469971164
2024-12-01,0.0,0.0,0.0,0.6582308899853632,0.7679797614745176,0.6629715280833653,-0.004740638098002181,0.0,0.004740638098002181
2024-12-02,0.0,0.0,0.0,0.6531251072807339,0.7632815323454984,0.6582308899853632,-0.005105782704629247,0.008650951105381754,0.013756733810011001
2024-12-03,0.0,0.0,0.0,0.648871328658234,0.7593061076978636,0.6531251072807339,-0.004253778622499871,0.0,0.004253778622499871
2024-12-04,0.0,0.0,0.0,0.641942943814544,0.7531622696060687,0.648871328658234,-0.006928384843690072,0.0,0.006928384843690072
2024-12-05,0.0,0.0,0.0,0.6342842697576002,0.746295627032886,0.641942943814544,-0.0076586740569437595,0.0,0.0076586740569437595
2024-12-06,0.0,0.0,0.0,0.6342842697576002,0.746295627032886,0.6342842697576002,0.0,0.0,0.0
2024-12-07,0.0,0.0,0.0,0.6342842697576002,0.746295627032886,0.6342842697576002,0.0,0.0,0.0
2024-12-08,0.0,0.0,0.0,0.6342842697576002,0.746295627032886,0.6342842697576002,0.0,0.0,0.0
2024-12-09,0.0,0.0,0.0,0.6342842697576002,0.746295627032886,0.6342842697576002,0.0,0.0,0.0
2024-12-10,0.0,0.0,0.0,0.6342842697576002,0.746295627032886,0.6342842697576002,0.0,0.0,0.0
2024-12-11,0.0,0.0,0.0,0.6342842697576002,0.746295627032886,0.6342842697576002,0.0,0.0,0.0
2024-12-12,0.0,0.0,0.0,0.6342842697576002,0.746295627032886,0.6342842697576002,0.0,0.0,0.0
2024-12-13,0.0,0.0,0.0,0.567431597804139,0.685580050596311,0.6342842697576002,-0.06685267195346123,0.30410896913747953,0.37096164109094076
2024-12-14,0.0,0.0,0.0,0.557706891870383,0.6769063968196605,0.567431597804139,-0.009724705933755962,0.0,0.009724705933755962
2024-12-15,0.0,0.0,0.0,0.5483473305432541,0.6682327430430064,0.557706891870383,-0.009359561327128896,0.0,0.009359561327128896
2024-12-16,0.0,0.0,0.0,0.5391094840850007,0.6599204915070445,0.5483473305432541,-0.00923784645825343,0.0,0.00923784645825343
2024-12-17,0.0,0.0,0.0,0.5296781421941757,0.6508854354896982,0.5391094840850007,-0.009431341890824951,0.0,0.009431341890824951
2024-12-18,0.0,0.0,0.0,0.5205120762996183,0.6414889772316563,0.5296781421941757,-0.009166065894557485,0.0,0.009166065894557485
2024-12-19,0.0,0.0,0.0,0.5108560300354846,0.6313697144922266,0.5205120762996183,-0.009656046264133633,0.0,0.009656046264133633
2024-12-20,0.0,0.0,0.0,0.5013903583098486,0.6216118539934925,0.5108560300354846,-0.00946567172563606,0.007655272282403432,0.017120944008039492
2024-12-21,0.0,0.0,0.0,0.4917155866812726,0.6118539934947584,0.5013903583098486,-0.009674771628575995,0.0,0.009674771628575995
2024-12-22,0.0,0.0,0.0,0.4820376941586226,0.6017347307553287,0.4917155866812726,-0.00967789252265,0.0,0.00967789252265
2024-12-23,0.0,0.0,0.0,0.4729995849210882,0.5923382724972868,0.4820376941586226,-0.009038109237534397,0.0,0.009038109237534397
2024-12-24,0.0,0.0,0.0,0.4646012589686693,0.5836646187206327,0.4729995849210882,-0.008398325952418906,0.004820548590760224,0.013218874543179129
2024-12-25,0.0,0.0,0.0,0.4563059225206837,0.5749909649439786,0.4646012589686693,-0.00829533644798558,0.0,0.00829533644798558
2024-12-26,0.0,0.0,0.0,0.4485442589593067,0.5670401156487159,0.4563059225206837,-0.007761663561376975,0.0040135634056444915,0.011775226967021466
2024-12-27,0.0,0.0,0.0,0.4413131473904644,0.5594506685941454,0.4485442589593067,-0.007231111568842319,0.0038186323617990132,0.011049743930641332
2024-12-28,0.0,0.0,0.0,0.435786043985881,0.5536682327430391,0.4413131473904644,-0.0055271034045834,0.0,0.0055271034045834
2024-12-29,0.0,0.0,0.0,0.4334453734305804,0.5514998192988756,0.435786043985881,-0.0023406705553005724,0.002981936265101251,0.005322606820401823
2024-12-30,0.0,0.0,0.0,0.4300404779961364,0.5478857968919364,0.4334453734305804,-0.0034048954344439997,0.010894869562232306,0.014299764996676305
2024-12-31,0.0,0.0,0.0,0.42685092425278,0.5446331767256929,0.4300404779961364,-0.0031895537433564436,0.0,0.0031895537433564436
